timestamp,open,high,low,close,volume,session,incomplete
2026-08-03T08:00:00+00:00,750.07,751.511,749.72,750.751,0,pre-market,False
2026-08-03T08:01:00+00:00,750.77,751.51,750.2,750.61,0,pre-market,False
2026-08-03T08:02:00+00:00,750.52,751.0,750.18,750.41,0,pre-market,False
2026-08-03T08:03:00+00:00,750.41,750.41,750.17,750.17,0,pre-market,False
2026-08-03T08:04:00+00:00,750.17,750.22,750.05,750.07,0,pre-market,False
2026-08-03T08:05:00+00:00,750.03,750.14,750.01,750.14,0,pre-market,False
2026-08-03T08:06:00+00:00,750.08,751.35,750.05,750.25,0,pre-market,False
2026-08-03T08:07:00+00:00,750.19,750.2,750.02,750.02,0,pre-market,False
2026-08-03T08:08:00+00:00,750.0392,750.04,749.93,749.98,0,pre-market,False
2026-08-03T08:09:00+00:00,750.02,750.22,750.02,750.17,0,pre-market,False
2026-08-03T08:10:00+00:00,750.11,750.27,750.11,750.18,0,pre-market,False
2026-08-03T08:11:00+00:00,750.2,750.2787,750.14,750.2345,0,pre-market,False
2026-08-03T08:12:00+00:00,750.2436,750.34,750.2436,750.26,0,pre-market,False
2026-08-03T08:13:00+00:00,750.26,750.3685,750.18,750.3685,0,pre-market,False
2026-08-03T08:14:00+00:00,750.34,750.43,750.34,750.41,0,pre-market,False
2026-08-03T08:15:00+00:00,750.3487,750.4087,750.29,750.3188,0,pre-market,False
2026-08-03T08:16:00+00:00,750.2885,750.2885,750.1612,750.1612,0,pre-market,False
2026-08-03T08:17:00+00:00,750.16,750.16,750.09,750.09,0,pre-market,False
2026-08-03T08:18:00+00:00,750.1,750.1,749.89,749.93,0,pre-market,False
2026-08-03T08:19:00+00:00,749.93,750.0,749.92,749.96,0,pre-market,False
2026-08-03T08:20:00+00:00,749.91,750.0115,749.89,750.0115,0,pre-market,False
2026-08-03T08:21:00+00:00,750.0105,750.05,749.88,749.93,0,pre-market,False
2026-08-03T08:22:00+00:00,749.9685,749.97,749.9,749.97,0,pre-market,False
2026-08-03T08:23:00+00:00,749.92,749.92,749.83,749.83,0,pre-market,False
2026-08-03T08:24:00+00:00,749.82,749.9204,749.78,749.8361,0,pre-market,False
2026-08-03T08:25:00+00:00,749.86,749.88,749.76,749.83,0,pre-market,False
2026-08-03T08:26:00+00:00,749.8809,749.8809,749.79,749.84,0,pre-market,False
2026-08-03T08:27:00+00:00,749.78,749.81,749.65,749.81,0,pre-market,False
2026-08-03T08:28:00+00:00,749.84,749.96,749.84,749.91,0,pre-market,False
2026-08-03T08:29:00+00:00,749.88,749.89,749.8,749.81,0,pre-market,False
2026-08-03T08:30:00+00:00,749.91,749.96,749.71,749.71,0,pre-market,False
2026-08-03T08:31:00+00:00,749.73,749.9,749.73,749.9,0,pre-market,False
2026-08-03T08:32:00+00:00,749.87,749.93,749.86,749.93,0,pre-market,False
2026-08-03T08:33:00+00:00,749.85,749.85,749.68,749.7,0,pre-market,False
2026-08-03T08:34:00+00:00,749.68,749.72,749.6746,749.72,0,pre-market,False
2026-08-03T08:35:00+00:00,749.77,750.0,749.72,750.0,0,pre-market,False
2026-08-03T08:36:00+00:00,750.02,750.34,750.02,750.34,0,pre-market,False
2026-08-03T08:37:00+00:00,750.4,750.41,750.21,750.21,0,pre-market,False
2026-08-03T08:38:00+00:00,750.33,750.37,750.29,750.3382,0,pre-market,False
2026-08-03T08:39:00+00:00,750.34,750.47,750.34,750.47,0,pre-market,False
2026-08-03T08:40:00+00:00,750.44,750.47,750.3412,750.3412,0,pre-market,False
2026-08-03T08:41:00+00:00,750.37,750.38,750.36,750.37,0,pre-market,False
2026-08-03T08:42:00+00:00,750.4587,750.59,750.44,750.45,0,pre-market,False
2026-08-03T08:43:00+00:00,750.48,750.49,750.31,750.31,0,pre-market,False
2026-08-03T08:44:00+00:00,750.31,750.31,750.26,750.3012,0,pre-market,False
2026-08-03T08:45:00+00:00,750.26,750.35,750.26,750.32,0,pre-market,False
2026-08-03T08:46:00+00:00,750.4287,750.43,750.33,750.4,0,pre-market,False
2026-08-03T08:47:00+00:00,750.3287,750.3287,750.11,750.11,0,pre-market,False
2026-08-03T08:48:00+00:00,750.17,750.2385,750.11,750.2385,0,pre-market,False
2026-08-03T08:49:00+00:00,750.23,750.33,750.2,750.32,0,pre-market,False
2026-08-03T08:50:00+00:00,750.2791,750.35,750.2791,750.31,0,pre-market,False
2026-08-03T08:51:00+00:00,750.37,750.37,750.3,750.32,0,pre-market,False
2026-08-03T08:52:00+00:00,750.3099,750.44,750.3099,750.39,0,pre-market,False
2026-08-03T08:53:00+00:00,750.3487,750.39,750.3,750.39,0,pre-market,False
2026-08-03T08:54:00+00:00,750.37,750.37,750.37,750.37,0,pre-market,False
2026-08-03T08:55:00+00:00,750.43,750.51,750.43,750.5007,0,pre-market,False
2026-08-03T08:56:00+00:00,750.5,750.73,750.5,750.73,0,pre-market,False
2026-08-03T08:57:00+00:00,750.7,750.7,750.6092,750.65,0,pre-market,False
2026-08-03T08:58:00+00:00,750.6,750.6485,750.5687,750.631,0,pre-market,False
2026-08-03T08:59:00+00:00,750.69,750.7612,750.69,750.74,0,pre-market,False
2026-08-03T09:00:00+00:00,750.8224,750.87,750.67,750.709,0,pre-market,False
2026-08-03T09:01:00+00:00,750.7,750.73,750.6192,750.6192,0,pre-market,False
2026-08-03T09:02:00+00:00,750.6192,750.62,750.52,750.589,0,pre-market,False
2026-08-03T09:03:00+00:00,750.62,750.6205,750.52,750.55,0,pre-market,False
2026-08-03T09:04:00+00:00,750.559,750.65,750.49,750.51,0,pre-market,False
2026-08-03T09:05:00+00:00,750.52,750.63,750.509,750.63,0,pre-market,False
2026-08-03T09:06:00+00:00,750.7,750.7,750.55,750.59,0,pre-market,False
2026-08-03T09:07:00+00:00,750.5,750.57,750.5,750.55,0,pre-market,False
2026-08-03T09:08:00+00:00,750.52,750.55,750.5,750.5385,0,pre-market,False
2026-08-03T09:09:00+00:00,750.55,750.56,750.521,750.56,0,pre-market,False
2026-08-03T09:10:00+00:00,750.55,750.59,750.5287,750.5287,0,pre-market,False
2026-08-03T09:11:00+00:00,750.489,750.489,750.27,750.27,0,pre-market,False
2026-08-03T09:12:00+00:00,750.2987,750.3187,750.25,750.29,0,pre-market,False
2026-08-03T09:13:00+00:00,750.27,750.42,750.27,750.42,0,pre-market,False
2026-08-03T09:14:00+00:00,750.4,750.49,750.39,750.49,0,pre-market,False
2026-08-03T09:15:00+00:00,750.4798,750.4798,750.4,750.4,0,pre-market,False
2026-08-03T09:16:00+00:00,750.45,750.59,750.42,750.53,0,pre-market,False
2026-08-03T09:17:00+00:00,750.55,750.66,750.49,750.49,0,pre-market,False
2026-08-03T09:18:00+00:00,750.5,750.5,750.5,750.5,0,pre-market,False
2026-08-03T09:19:00+00:00,750.6317,750.74,750.62,750.63,0,pre-market,False
2026-08-03T09:20:00+00:00,750.64,750.64,750.63,750.63,0,pre-market,False
2026-08-03T09:21:00+00:00,750.64,750.66,750.58,750.66,0,pre-market,False
2026-08-03T09:22:00+00:00,750.65,750.65,750.61,750.61,0,pre-market,False
2026-08-03T09:23:00+00:00,750.699,750.7,750.57,750.57,0,pre-market,False
2026-08-03T09:24:00+00:00,750.6,750.6,750.49,750.49,0,pre-market,False
2026-08-03T09:25:00+00:00,750.5485,750.5488,750.48,750.51,0,pre-market,False
2026-08-03T09:26:00+00:00,750.47,750.47,750.38,750.3907,0,pre-market,False
2026-08-03T09:27:00+00:00,750.4008,750.47,750.3927,750.4478,0,pre-market,False
2026-08-03T09:28:00+00:00,750.49,750.49,750.4,750.4,0,pre-market,False
2026-08-03T09:29:00+00:00,750.43,750.5,750.43,750.45,0,pre-market,False
2026-08-03T09:30:00+00:00,750.47,750.54,750.44,750.54,0,pre-market,False
2026-08-03T09:31:00+00:00,750.46,750.5485,750.41,750.41,0,pre-market,False
2026-08-03T09:32:00+00:00,750.46,750.64,750.46,750.64,0,pre-market,False
2026-08-03T09:33:00+00:00,750.619,750.63,750.53,750.53,0,pre-market,False
2026-08-03T09:34:00+00:00,750.58,750.58,750.5512,750.56,0,pre-market,False
2026-08-03T09:35:00+00:00,750.5652,750.71,750.5652,750.62,0,pre-market,False
2026-08-03T09:36:00+00:00,750.75,750.77,750.6188,750.6188,0,pre-market,False
2026-08-03T09:37:00+00:00,750.6445,750.67,750.4695,750.49,0,pre-market,False
2026-08-03T09:39:00+00:00,750.57,750.57,750.4703,750.4737,0,pre-market,False
2026-08-03T09:40:00+00:00,750.52,750.5685,750.52,750.5685,0,pre-market,False
2026-08-03T09:41:00+00:00,750.63,750.63,750.54,750.55,0,pre-market,False
2026-08-03T09:42:00+00:00,750.5417,750.68,750.5417,750.6215,0,pre-market,False
2026-08-03T09:43:00+00:00,750.649,750.649,750.62,750.62,0,pre-market,False
2026-08-03T09:44:00+00:00,750.62,750.62,750.47,750.47,0,pre-market,False
2026-08-03T09:45:00+00:00,750.4723,750.7,750.4723,750.6712,0,pre-market,False
2026-08-03T09:47:00+00:00,750.66,750.71,750.63,750.63,0,pre-market,False
2026-08-03T09:48:00+00:00,750.6387,750.7,750.6,750.6,0,pre-market,False
2026-08-03T09:49:00+00:00,750.63,750.67,750.5,750.5,0,pre-market,False
2026-08-03T09:50:00+00:00,750.57,750.57,750.41,750.41,0,pre-market,False
2026-08-03T09:51:00+00:00,750.4087,750.4087,750.32,750.32,0,pre-market,False
2026-08-03T09:52:00+00:00,750.29,750.33,750.26,750.2771,0,pre-market,False
2026-08-03T09:53:00+00:00,750.28,750.3388,750.25,750.3388,0,pre-market,False
2026-08-03T09:54:00+00:00,750.36,750.39,750.34,750.39,0,pre-market,False
2026-08-03T09:55:00+00:00,750.47,750.5487,750.47,750.5487,0,pre-market,False
2026-08-03T09:56:00+00:00,750.62,750.67,750.62,750.66,0,pre-market,False
2026-08-03T09:57:00+00:00,750.59,750.63,750.54,750.54,0,pre-market,False
2026-08-03T09:58:00+00:00,750.58,750.62,750.56,750.56,0,pre-market,False
2026-08-03T09:59:00+00:00,750.5912,750.63,750.5912,750.629,0,pre-market,False
2026-08-03T10:00:00+00:00,750.61,750.61,750.52,750.5717,0,pre-market,False
2026-08-03T10:01:00+00:00,750.56,750.56,750.41,750.4985,0,pre-market,False
2026-08-03T10:02:00+00:00,750.48,750.4902,750.48,750.49,0,pre-market,False
2026-08-03T10:03:00+00:00,750.49,750.55,750.4781,750.5383,0,pre-market,False
2026-08-03T10:04:00+00:00,750.61,750.69,750.5815,750.69,0,pre-market,False
2026-08-03T10:05:00+00:00,750.69,750.69,750.61,750.64,0,pre-market,False
2026-08-03T10:06:00+00:00,750.6612,750.71,750.6612,750.71,0,pre-market,False
2026-08-03T10:07:00+00:00,750.71,750.71,750.62,750.62,0,pre-market,False
2026-08-03T10:08:00+00:00,750.66,750.74,750.66,750.6791,0,pre-market,False
2026-08-03T10:09:00+00:00,750.67,750.67,750.67,750.67,0,pre-market,False
2026-08-03T10:10:00+00:00,750.68,750.76,750.68,750.76,0,pre-market,False
2026-08-03T10:11:00+00:00,750.8,750.85,750.8,750.81,0,pre-market,False
2026-08-03T10:12:00+00:00,750.78,750.849,750.771,750.849,0,pre-market,False
2026-08-03T10:13:00+00:00,750.79,750.79,750.71,750.78,0,pre-market,False
2026-08-03T10:14:00+00:00,750.75,750.7681,750.6857,750.75,0,pre-market,False
2026-08-03T10:15:00+00:00,750.71,750.82,750.71,750.8,0,pre-market,False
2026-08-03T10:16:00+00:00,750.79,750.855,750.771,750.83,0,pre-market,False
2026-08-03T10:17:00+00:00,750.86,750.86,750.78,750.79,0,pre-market,False
2026-08-03T10:18:00+00:00,750.79,750.89,750.76,750.865,0,pre-market,False
2026-08-03T10:19:00+00:00,750.87,750.87,750.83,750.84,0,pre-market,False
2026-08-03T10:20:00+00:00,750.81,750.85,750.74,750.74,0,pre-market,False
2026-08-03T10:21:00+00:00,750.71,750.75,750.6,750.61,0,pre-market,False
2026-08-03T10:22:00+00:00,750.65,750.71,750.61,750.71,0,pre-market,False
2026-08-03T10:23:00+00:00,750.71,750.85,750.71,750.81,0,pre-market,False
2026-08-03T10:24:00+00:00,750.86,750.86,750.68,750.6895,0,pre-market,False
2026-08-03T10:25:00+00:00,750.76,750.835,750.71,750.76,0,pre-market,False
2026-08-03T10:26:00+00:00,750.7792,750.86,750.76,750.85,0,pre-market,False
2026-08-03T10:27:00+00:00,750.8,750.8,750.76,750.76,0,pre-market,False
2026-08-03T10:28:00+00:00,750.7885,750.88,750.7879,750.83,0,pre-market,False
2026-08-03T10:29:00+00:00,750.85,750.89,750.79,750.851,0,pre-market,False
2026-08-03T10:30:00+00:00,750.89,750.89,750.85,750.89,0,pre-market,False
2026-08-03T10:31:00+00:00,750.8773,750.8773,750.7695,750.78,0,pre-market,False
2026-08-03T10:32:00+00:00,750.84,750.84,750.71,750.71,0,pre-market,False
2026-08-03T10:33:00+00:00,750.79,750.87,750.79,750.87,0,pre-market,False
2026-08-03T10:34:00+00:00,750.851,750.9205,750.85,750.9205,0,pre-market,False
2026-08-03T10:35:00+00:00,750.93,750.94,750.8292,750.8292,0,pre-market,False
2026-08-03T10:36:00+00:00,750.8885,750.8885,750.83,750.88,0,pre-market,False
2026-08-03T10:37:00+00:00,750.88,750.9305,750.87,750.93,0,pre-market,False
2026-08-03T10:38:00+00:00,750.95,750.98,750.94,750.94,0,pre-market,False
2026-08-03T10:39:00+00:00,750.94,751.051,750.9354,751.0,0,pre-market,False
2026-08-03T10:40:00+00:00,751.0,751.1,750.99,751.07,0,pre-market,False
2026-08-03T10:41:00+00:00,751.05,751.08,751.05,751.08,0,pre-market,False
2026-08-03T10:42:00+00:00,751.06,751.06,751.0,751.05,0,pre-market,False
2026-08-03T10:43:00+00:00,751.04,751.06,751.0,751.03,0,pre-market,False
2026-08-03T10:44:00+00:00,751.0505,751.09,751.03,751.09,0,pre-market,False
2026-08-03T10:45:00+00:00,751.1,751.11,751.02,751.02,0,pre-market,False
2026-08-03T10:46:00+00:00,751.0209,751.07,751.0209,751.05,0,pre-market,False
2026-08-03T10:47:00+00:00,751.0,751.08,751.0,751.03,0,pre-market,False
2026-08-03T10:48:00+00:00,751.01,751.07,751.01,751.04,0,pre-market,False
2026-08-03T10:49:00+00:00,751.07,751.11,750.9986,751.03,0,pre-market,False
2026-08-03T10:50:00+00:00,751.02,751.02,750.94,750.94,0,pre-market,False
2026-08-03T10:51:00+00:00,750.99,751.02,750.95,751.0,0,pre-market,False
2026-08-03T10:52:00+00:00,751.0,751.02,750.96,751.02,0,pre-market,False
2026-08-03T10:53:00+00:00,751.02,751.08,751.02,751.08,0,pre-market,False
2026-08-03T10:54:00+00:00,751.08,751.08,751.0092,751.05,0,pre-market,False
2026-08-03T10:55:00+00:00,751.05,751.08,751.04,751.074,0,pre-market,False
2026-08-03T10:56:00+00:00,751.07,751.15,751.07,751.1499,0,pre-market,False
2026-08-03T10:57:00+00:00,751.1154,751.14,751.06,751.1,0,pre-market,False
2026-08-03T10:58:00+00:00,751.1,751.1,751.04,751.05,0,pre-market,False
2026-08-03T10:59:00+00:00,751.06,751.12,751.06,751.12,0,pre-market,False
2026-08-03T11:00:00+00:00,751.111,751.1787,747.03,751.03,0,pre-market,False
2026-08-03T11:01:00+00:00,751.03,751.0648,747.03,750.8811,0,pre-market,False
2026-08-03T11:02:00+00:00,750.8892,750.98,750.82,750.9485,0,pre-market,False
2026-08-03T11:03:00+00:00,750.95,750.95,750.8,750.95,0,pre-market,False
2026-08-03T11:04:00+00:00,750.94,750.94,750.7913,750.8815,0,pre-market,False
2026-08-03T11:05:00+00:00,750.8963,750.9,750.8201,750.8709,0,pre-market,False
2026-08-03T11:06:00+00:00,750.88,750.8915,750.6,750.6,0,pre-market,False
2026-08-03T11:07:00+00:00,750.58,750.756,750.58,750.6781,0,pre-market,False
2026-08-03T11:08:00+00:00,750.67,750.7411,750.6175,750.6497,0,pre-market,False
2026-08-03T11:09:00+00:00,750.6344,750.7485,750.6064,750.7423,0,pre-market,False
2026-08-03T11:10:00+00:00,750.77,750.8398,750.7412,750.8,0,pre-market,False
2026-08-03T11:11:00+00:00,750.83,750.84,750.7699,750.8,0,pre-market,False
2026-08-03T11:12:00+00:00,750.76,750.8502,750.76,750.8198,0,pre-market,False
2026-08-03T11:13:00+00:00,750.82,750.88,750.8,750.8791,0,pre-market,False
2026-08-03T11:14:00+00:00,750.8296,750.89,750.8,750.865,0,pre-market,False
2026-08-03T11:15:00+00:00,750.869,750.9,750.8251,750.9,0,pre-market,False
2026-08-03T11:16:00+00:00,750.88,751.04,750.8339,750.9618,0,pre-market,False
2026-08-03T11:17:00+00:00,750.9632,751.1529,750.9632,751.1195,0,pre-market,False
2026-08-03T11:18:00+00:00,751.1338,751.16,750.9812,751.11,0,pre-market,False
2026-08-03T11:19:00+00:00,751.1151,751.16,751.0,751.13,0,pre-market,False
2026-08-03T11:20:00+00:00,751.1587,751.195,751.11,751.195,0,pre-market,False
2026-08-03T11:21:00+00:00,751.19,751.23,750.96,751.0187,0,pre-market,False
2026-08-03T11:22:00+00:00,751.0291,751.18,750.9992,751.07,0,pre-market,False
2026-08-03T11:23:00+00:00,751.0772,751.12,750.99,751.0162,0,pre-market,False
2026-08-03T11:24:00+00:00,751.025,751.03,750.97,750.97,0,pre-market,False
2026-08-03T11:25:00+00:00,750.98,751.029,750.9492,750.97,0,pre-market,False
2026-08-03T11:26:00+00:00,750.97,751.08,750.9092,751.06,0,pre-market,False
2026-08-03T11:27:00+00:00,751.0001,751.0395,750.94,750.9851,0,pre-market,False
2026-08-03T11:28:00+00:00,750.9856,751.07,750.9615,751.07,0,pre-market,False
2026-08-03T11:29:00+00:00,751.021,751.14,751.01,751.01,0,pre-market,False
2026-08-03T11:30:00+00:00,751.01,751.57,750.97,751.455,0,pre-market,False
2026-08-03T11:31:00+00:00,751.5701,751.599,751.3,751.39,0,pre-market,False
2026-08-03T11:32:00+00:00,751.399,751.4,751.32,751.4,0,pre-market,False
2026-08-03T11:33:00+00:00,751.45,751.46,751.36,751.41,0,pre-market,False
2026-08-03T11:34:00+00:00,751.419,751.45,751.4,751.4,0,pre-market,False
2026-08-03T11:35:00+00:00,751.4009,751.51,751.4,751.45,0,pre-market,False
2026-08-03T11:36:00+00:00,751.41,751.47,751.35,751.37,0,pre-market,False
2026-08-03T11:37:00+00:00,751.38,751.419,751.25,751.25,0,pre-market,False
2026-08-03T11:38:00+00:00,751.2792,751.3285,751.02,751.0362,0,pre-market,False
2026-08-03T11:39:00+00:00,751.05,751.1,750.9792,750.9792,0,pre-market,False
2026-08-03T11:40:00+00:00,750.9792,750.9792,750.8992,750.912,0,pre-market,False
2026-08-03T11:41:00+00:00,750.94,750.9912,750.9061,750.9581,0,pre-market,False
2026-08-03T11:42:00+00:00,751.0,751.0266,750.94,750.9709,0,pre-market,False
2026-08-03T11:43:00+00:00,750.9963,751.0124,750.949,751.0124,0,pre-market,False
2026-08-03T11:44:00+00:00,751.0062,751.2324,751.0062,751.2316,0,pre-market,False
2026-08-03T11:45:00+00:00,751.23,751.2619,751.1154,751.25,0,pre-market,False
2026-08-03T11:46:00+00:00,751.27,751.2901,751.2012,751.2901,0,pre-market,False
2026-08-03T11:47:00+00:00,751.2624,751.2823,751.11,751.154,0,pre-market,False
2026-08-03T11:48:00+00:00,751.19,751.1934,750.9992,751.04,0,pre-market,False
2026-08-03T11:49:00+00:00,751.0102,751.2,751.0102,751.15,0,pre-market,False
2026-08-03T11:50:00+00:00,751.0958,751.13,751.0287,751.0287,0,pre-market,False
2026-08-03T11:51:00+00:00,751.0287,751.0299,750.8828,750.8828,0,pre-market,False
2026-08-03T11:52:00+00:00,750.89,750.91,750.769,750.8,0,pre-market,False
2026-08-03T11:53:00+00:00,750.76,750.78,750.63,750.75,0,pre-market,False
2026-08-03T11:54:00+00:00,750.72,750.75,750.5868,750.59,0,pre-market,False
2026-08-03T11:55:00+00:00,750.57,750.59,750.47,750.47,0,pre-market,False
2026-08-03T11:56:00+00:00,750.5,750.5297,750.4397,750.4947,0,pre-market,False
2026-08-03T11:57:00+00:00,750.48,750.5564,750.4346,750.5,0,pre-market,False
2026-08-03T11:58:00+00:00,750.53,750.56,750.45,750.5115,0,pre-market,False
2026-08-03T11:59:00+00:00,750.51,750.62,750.4497,750.62,0,pre-market,False
2026-08-03T12:00:00+00:00,750.585,750.5887,750.3692,750.4128,0,pre-market,False
2026-08-03T12:01:00+00:00,750.36,750.4017,750.3212,750.37,0,pre-market,False
2026-08-03T12:02:00+00:00,750.4107,750.5,750.37,750.4785,0,pre-market,False
2026-08-03T12:03:00+00:00,750.5,750.5,750.34,750.3624,0,pre-market,False
2026-08-03T12:04:00+00:00,750.3797,750.5285,750.35,750.35,0,pre-market,False
2026-08-03T12:05:00+00:00,750.43,750.4495,750.2959,750.329,0,pre-market,False
2026-08-03T12:06:00+00:00,750.34,750.41,750.25,750.25,0,pre-market,False
2026-08-03T12:07:00+00:00,750.2695,750.3251,750.23,750.3251,0,pre-market,False
2026-08-03T12:08:00+00:00,750.31,750.4062,750.285,750.4062,0,pre-market,False
2026-08-03T12:09:00+00:00,750.3994,750.4485,750.3469,750.35,0,pre-market,False
2026-08-03T12:10:00+00:00,750.35,750.4,750.22,750.2955,0,pre-market,False
2026-08-03T12:11:00+00:00,750.2685,750.2685,750.18,750.2415,0,pre-market,False
2026-08-03T12:12:00+00:00,750.25,750.33,750.22,750.24,0,pre-market,False
2026-08-03T12:13:00+00:00,750.279,750.49,750.2415,750.47,0,pre-market,False
2026-08-03T12:14:00+00:00,750.5,750.5,750.42,750.4705,0,pre-market,False
2026-08-03T12:15:00+00:00,750.49,750.65,750.4806,750.6198,0,pre-market,False
2026-08-03T12:16:00+00:00,750.59,750.74,750.35,750.35,0,pre-market,False
2026-08-03T12:17:00+00:00,750.38,750.43,750.32,750.43,0,pre-market,False
2026-08-03T12:18:00+00:00,750.44,750.5,750.39,750.479,0,pre-market,False
2026-08-03T12:19:00+00:00,750.42,750.5,750.4,750.5,0,pre-market,False
2026-08-03T12:20:00+00:00,750.5496,750.61,750.49,750.58,0,pre-market,False
2026-08-03T12:21:00+00:00,750.6,750.7315,750.6,750.689,0,pre-market,False
2026-08-03T12:22:00+00:00,750.6987,750.6987,750.5,750.5294,0,pre-market,False
2026-08-03T12:23:00+00:00,750.439,750.48,750.28,750.28,0,pre-market,False
2026-08-03T12:24:00+00:00,750.3235,750.3763,750.28,750.3,0,pre-market,False
2026-08-03T12:25:00+00:00,750.38,750.48,750.38,750.48,0,pre-market,False
2026-08-03T12:26:00+00:00,750.4808,750.5288,750.43,750.44,0,pre-market,False
2026-08-03T12:27:00+00:00,750.43,750.5,750.24,750.5,0,pre-market,False
2026-08-03T12:28:00+00:00,750.54,750.7285,750.52,750.6797,0,pre-market,False
2026-08-03T12:29:00+00:00,750.69,750.74,750.62,750.6898,0,pre-market,False
2026-08-03T12:30:00+00:00,750.7,750.845,750.66,750.8142,0,pre-market,False
2026-08-03T12:31:00+00:00,750.7721,750.85,750.731,750.8102,0,pre-market,False
2026-08-03T12:32:00+00:00,750.77,750.88,750.768,750.78,0,pre-market,False
2026-08-03T12:33:00+00:00,750.75,750.8562,750.74,750.77,0,pre-market,False
2026-08-03T12:34:00+00:00,750.75,750.92,750.73,750.907,0,pre-market,False
2026-08-03T12:35:00+00:00,750.9077,750.99,750.7831,750.8349,0,pre-market,False
2026-08-03T12:36:00+00:00,750.8349,750.9504,750.77,750.87,0,pre-market,False
2026-08-03T12:37:00+00:00,750.8349,750.8921,750.8052,750.84,0,pre-market,False
2026-08-03T12:38:00+00:00,750.83,750.9397,750.8,750.9,0,pre-market,False
2026-08-03T12:39:00+00:00,750.87,751.05,750.87,751.0485,0,pre-market,False
2026-08-03T12:40:00+00:00,751.0,751.0908,750.9437,751.02,0,pre-market,False
2026-08-03T12:41:00+00:00,751.0,751.1453,750.99,751.1453,0,pre-market,False
2026-08-03T12:42:00+00:00,751.15,751.1899,751.07,751.07,0,pre-market,False
2026-08-03T12:43:00+00:00,751.1,751.28,751.07,751.2643,0,pre-market,False
2026-08-03T12:44:00+00:00,751.25,751.38,751.25,751.3607,0,pre-market,False
2026-08-03T12:45:00+00:00,751.3763,751.45,751.335,751.38,0,pre-market,False
2026-08-03T12:46:00+00:00,751.3457,751.43,751.331,751.39,0,pre-market,False
2026-08-03T12:47:00+00:00,751.35,751.3503,747.03,751.3,0,pre-market,False
2026-08-03T12:48:00+00:00,751.3,751.3332,751.2204,751.2692,0,pre-market,False
2026-08-03T12:49:00+00:00,751.26,751.29,751.19,751.229,0,pre-market,False
2026-08-03T12:50:00+00:00,751.2,751.23,751.06,751.1299,0,pre-market,False
2026-08-03T12:51:00+00:00,751.12,751.32,751.0534,751.31,0,pre-market,False
2026-08-03T12:52:00+00:00,751.2915,751.2915,751.2,751.2399,0,pre-market,False
2026-08-03T12:53:00+00:00,751.2,751.3251,751.14,751.3251,0,pre-market,False
2026-08-03T12:54:00+00:00,751.3387,751.35,751.281,751.32,0,pre-market,False
2026-08-03T12:55:00+00:00,751.3046,751.3046,751.24,751.26,0,pre-market,False
2026-08-03T12:56:00+00:00,751.27,751.35,751.2392,751.2392,0,pre-market,False
2026-08-03T12:57:00+00:00,751.21,751.3015,751.17,751.1757,0,pre-market,False
2026-08-03T12:58:00+00:00,751.1892,751.25,751.11,751.185,0,pre-market,False
2026-08-03T12:59:00+00:00,751.14,751.2015,751.11,751.156,0,pre-market,False
2026-08-03T13:00:00+00:00,751.1756,751.2814,751.0702,751.14,0,pre-market,False
2026-08-03T13:01:00+00:00,751.1,751.22,751.07,751.195,0,pre-market,False
2026-08-03T13:02:00+00:00,751.17,751.17,751.01,751.06,0,pre-market,False
2026-08-03T13:03:00+00:00,751.02,751.1623,751.02,751.1415,0,pre-market,False
2026-08-03T13:04:00+00:00,751.15,751.19,751.07,751.19,0,pre-market,False
2026-08-03T13:05:00+00:00,751.2514,751.31,751.1703,751.27,0,pre-market,False
2026-08-03T13:06:00+00:00,751.28,751.31,751.17,751.18,0,pre-market,False
2026-08-03T13:07:00+00:00,751.19,751.26,751.1486,751.239,0,pre-market,False
2026-08-03T13:08:00+00:00,751.2,751.2116,751.05,751.07,0,pre-market,False
2026-08-03T13:09:00+00:00,751.07,751.13,751.07,751.08,0,pre-market,False
2026-08-03T13:10:00+00:00,751.1153,751.23,751.0712,751.23,0,pre-market,False
2026-08-03T13:11:00+00:00,751.23,751.24,751.08,751.11,0,pre-market,False
2026-08-03T13:12:00+00:00,751.1,751.2,751.1,751.149,0,pre-market,False
2026-08-03T13:13:00+00:00,751.11,751.19,751.04,751.0501,0,pre-market,False
2026-08-03T13:14:00+00:00,751.089,751.09,750.97,751.051,0,pre-market,False
2026-08-03T13:30:00+00:00,749.4400024414062,750.2899780273438,749.0999755859375,749.75,1958717,regular,False
2026-08-03T13:31:00+00:00,749.75,749.989990234375,749.5900268554688,749.9500122070312,213136,regular,False
2026-08-03T13:32:00+00:00,749.9500122070312,750.4099731445312,749.6900024414062,750.22998046875,149387,regular,False
2026-08-03T13:33:00+00:00,750.22998046875,750.77001953125,750.0599975585938,750.719970703125,206487,regular,False
2026-08-03T13:34:00+00:00,750.7000122070312,751.3200073242188,750.6099853515625,750.780029296875,286363,regular,False
2026-08-03T13:35:00+00:00,750.760009765625,751.469970703125,750.739990234375,751.25,311017,regular,False
2026-08-03T13:36:00+00:00,751.2449951171875,751.75,751.2449951171875,751.7100219726562,229856,regular,False
2026-08-03T13:37:00+00:00,751.7000122070312,751.9400024414062,751.469970703125,751.5599975585938,306295,regular,False
2026-08-03T13:38:00+00:00,751.5700073242188,751.6300048828125,751.2899780273438,751.5750122070312,160920,regular,False
2026-08-03T13:39:00+00:00,751.5750122070312,751.8599853515625,751.4849853515625,751.719970703125,174295,regular,False
2026-08-03T13:40:00+00:00,751.7000122070312,751.8300170898438,751.0900268554688,751.5800170898438,248917,regular,False
2026-08-03T13:41:00+00:00,751.5700073242188,751.72998046875,751.1950073242188,751.5399780273438,122188,regular,False
2026-08-03T13:42:00+00:00,751.530029296875,751.6400146484375,751.0599975585938,751.10498046875,119822,regular,False
2026-08-03T13:43:00+00:00,751.0800170898438,751.3099975585938,750.969970703125,751.1099853515625,123881,regular,False
2026-08-03T13:44:00+00:00,751.125,751.5999755859375,751.1199951171875,751.5800170898438,165122,regular,False
2026-08-03T13:45:00+00:00,751.5900268554688,751.9299926757812,751.510009765625,751.6099853515625,154037,regular,False
2026-08-03T13:46:00+00:00,751.6199951171875,751.75,751.3699951171875,751.4149780273438,130506,regular,False
2026-08-03T13:47:00+00:00,751.4400024414062,752.0399780273438,751.4400024414062,752.0399780273438,147322,regular,False
2026-08-03T13:48:00+00:00,752.038818359375,752.3300170898438,751.6699829101562,751.8499145507812,330186,regular,False
2026-08-03T13:49:00+00:00,751.8400268554688,752.1699829101562,751.7501220703125,751.9099731445312,226990,regular,False
2026-08-03T13:50:00+00:00,751.9199829101562,752.1400146484375,751.5999755859375,751.8900146484375,139343,regular,False
2026-08-03T13:51:00+00:00,751.8900146484375,752.5,751.8400268554688,752.4949951171875,201440,regular,False
2026-08-03T13:52:00+00:00,752.4949951171875,752.5700073242188,752.2899780273438,752.5599975585938,198919,regular,False
2026-08-03T13:53:00+00:00,752.5599975585938,752.9099731445312,752.5399780273438,752.8912963867188,311151,regular,False
2026-08-03T13:54:00+00:00,752.8919067382812,752.9500122070312,752.6099853515625,752.760009765625,201102,regular,False
2026-08-03T13:55:00+00:00,752.7650146484375,753.1400146484375,752.6500854492188,753.0750122070312,175415,regular,False
2026-08-03T13:56:00+00:00,753.0800170898438,753.1599731445312,752.9299926757812,753.0399780273438,168843,regular,False
2026-08-03T13:57:00+00:00,753.0599975585938,753.2999877929688,752.969970703125,753.2650146484375,176619,regular,False
2026-08-03T13:58:00+00:00,753.260009765625,753.489990234375,753.0399780273438,753.4199829101562,188969,regular,False
2026-08-03T13:59:00+00:00,753.4199829101562,753.638671875,753.2449951171875,753.5999755859375,155702,regular,False
2026-08-03T14:00:00+00:00,753.6199951171875,753.6300048828125,753.1900024414062,753.39501953125,172813,regular,False
2026-08-03T14:01:00+00:00,753.39501953125,753.4600219726562,753.280029296875,753.375,110696,regular,False
2026-08-03T14:02:00+00:00,753.385009765625,753.7650146484375,753.3800048828125,753.760009765625,114971,regular,False
2026-08-03T14:03:00+00:00,753.75,753.9500122070312,753.5599975585938,753.5999755859375,138132,regular,False
2026-08-03T14:04:00+00:00,753.5800170898438,753.6099853515625,753.0,753.4099731445312,150766,regular,False
2026-08-03T14:05:00+00:00,753.4099731445312,753.530029296875,753.25,753.4849853515625,125833,regular,False
2026-08-03T14:06:00+00:00,753.5,753.6300048828125,753.4299926757812,753.530029296875,118980,regular,False
2026-08-03T14:07:00+00:00,753.530029296875,753.5999755859375,753.2849731445312,753.2899780273438,91738,regular,False
2026-08-03T14:08:00+00:00,753.2899780273438,753.6199951171875,753.1699829101562,753.469970703125,126093,regular,False
2026-08-03T14:09:00+00:00,753.5,753.6400146484375,753.469970703125,753.5800170898438,106459,regular,False
2026-08-03T14:10:00+00:00,753.5701293945312,753.9299926757812,753.5499877929688,753.8350219726562,125792,regular,False
2026-08-03T14:11:00+00:00,753.8400268554688,753.9500122070312,753.7000122070312,753.885009765625,140765,regular,False
2026-08-03T14:12:00+00:00,753.9099731445312,754.0499877929688,753.7999877929688,753.9299926757812,183774,regular,False
2026-08-03T14:13:00+00:00,753.9249877929688,753.9299926757812,753.7100219726562,753.760009765625,184329,regular,False
2026-08-03T14:14:00+00:00,753.760009765625,753.9199829101562,753.5700073242188,753.9000244140625,121502,regular,False
2026-08-03T14:15:00+00:00,753.8900146484375,754.030029296875,753.8300170898438,754.0150146484375,115776,regular,False
2026-08-03T14:16:00+00:00,754.030029296875,754.3800048828125,754.030029296875,754.3099975585938,192883,regular,False
2026-08-03T14:17:00+00:00,754.3200073242188,754.4298706054688,754.2210083007812,754.3800048828125,122297,regular,False
2026-08-03T14:18:00+00:00,754.3800048828125,754.5399780273438,754.344970703125,754.4500122070312,124499,regular,False
2026-08-03T14:19:00+00:00,754.4500122070312,754.4500122070312,754.1699829101562,754.1826782226562,150247,regular,False
2026-08-03T14:20:00+00:00,754.1900024414062,754.3900146484375,754.1599731445312,754.3300170898438,134617,regular,False
2026-08-03T14:21:00+00:00,754.344970703125,754.5,754.3099975585938,754.47998046875,170623,regular,False
2026-08-03T14:22:00+00:00,754.489990234375,754.530029296875,754.3699951171875,754.469970703125,182504,regular,False
2026-08-03T14:23:00+00:00,754.469970703125,754.6599731445312,754.4500122070312,754.6400146484375,214396,regular,False
2026-08-03T14:24:00+00:00,754.6500244140625,754.780029296875,754.5800170898438,754.619873046875,153055,regular,False
2026-08-03T14:25:00+00:00,754.6199951171875,754.77001953125,754.5449829101562,754.580078125,173962,regular,False
2026-08-03T14:26:00+00:00,754.5850219726562,754.5999755859375,754.4199829101562,754.5999755859375,238458,regular,False
2026-08-03T14:27:00+00:00,754.5999755859375,754.6400146484375,754.3619995117188,754.489990234375,314559,regular,False
2026-08-03T14:28:00+00:00,754.5,754.6099853515625,754.4099731445312,754.47998046875,101131,regular,False
2026-08-03T14:29:00+00:00,754.47998046875,754.5800170898438,754.4525146484375,754.5,89533,regular,False
2026-08-03T14:30:00+00:00,754.5,754.5599975585938,754.3925170898438,754.4600219726562,126018,regular,False
2026-08-03T14:31:00+00:00,754.4600219726562,754.6400146484375,754.4099731445312,754.4500122070312,248020,regular,False
2026-08-03T14:32:00+00:00,754.4500122070312,754.5499877929688,754.364990234375,754.4199829101562,149546,regular,False
2026-08-03T14:33:00+00:00,754.4299926757812,754.530029296875,754.3099975585938,754.3905029296875,97308,regular,False
2026-08-03T14:34:00+00:00,754.4099731445312,754.530029296875,754.3099975585938,754.510009765625,235670,regular,False
2026-08-03T14:35:00+00:00,754.52001953125,754.5599975585938,754.4301147460938,754.530029296875,109374,regular,False
2026-08-03T14:36:00+00:00,754.530029296875,754.72998046875,754.47998046875,754.6984252929688,92466,regular,False
2026-08-03T14:37:00+00:00,754.7000122070312,754.7899169921875,754.6599731445312,754.719970703125,153216,regular,False
2026-08-03T14:38:00+00:00,754.719970703125,754.77001953125,754.6699829101562,754.7150268554688,123836,regular,False
2026-08-03T14:39:00+00:00,754.7150268554688,754.9349975585938,754.7000122070312,754.7949829101562,143491,regular,False
2026-08-03T14:40:00+00:00,754.7899780273438,755.0700073242188,754.75,755.0599975585938,263918,regular,False
2026-08-03T14:41:00+00:00,755.0599975585938,755.1649780273438,754.9099731445312,754.9650268554688,189283,regular,False
2026-08-03T14:42:00+00:00,754.9500122070312,755.0,754.7999877929688,754.9598999023438,118308,regular,False
2026-08-03T14:43:00+00:00,754.969970703125,754.9849853515625,754.7999877929688,754.9849853515625,83789,regular,False
2026-08-03T14:44:00+00:00,754.989990234375,755.0109252929688,754.8499755859375,754.9000244140625,73444,regular,False
2026-08-03T14:45:00+00:00,754.9099731445312,754.9299926757812,754.7050170898438,754.719970703125,105777,regular,False
2026-08-03T14:46:00+00:00,754.7150268554688,754.9500122070312,754.7150268554688,754.8699951171875,162045,regular,False
2026-08-03T14:47:00+00:00,754.8699951171875,754.9299926757812,754.75,754.8699951171875,88319,regular,False
2026-08-03T14:48:00+00:00,754.8699951171875,754.9600219726562,754.7999877929688,754.8400268554688,99427,regular,False
2026-08-03T14:49:00+00:00,754.8400268554688,754.926025390625,754.7999877929688,754.8699951171875,90738,regular,False
2026-08-03T14:50:00+00:00,754.8699951171875,754.969970703125,754.8150024414062,754.9600219726562,205177,regular,False
2026-08-03T14:51:00+00:00,754.9600219726562,755.1199951171875,754.9349975585938,755.0776977539062,137641,regular,False
2026-08-03T14:52:00+00:00,755.0800170898438,755.094970703125,754.9149780273438,754.969970703125,97849,regular,False
2026-08-03T14:53:00+00:00,754.9749755859375,755.0800170898438,754.9099731445312,755.0700073242188,142426,regular,False
2026-08-03T14:54:00+00:00,755.0700073242188,755.1400146484375,754.9000244140625,754.9199829101562,131075,regular,False
2026-08-03T14:55:00+00:00,754.9149780273438,755.1500244140625,754.9149780273438,755.0800170898438,86078,regular,False
2026-08-03T14:56:00+00:00,755.0750122070312,755.405517578125,755.0750122070312,755.2802734375,131984,regular,False
2026-08-03T14:57:00+00:00,755.280029296875,755.280029296875,755.1699829101562,755.219970703125,140997,regular,False
2026-08-03T14:58:00+00:00,755.2249755859375,755.3099975585938,755.1500244140625,755.3001098632812,96058,regular,False
2026-08-03T14:59:00+00:00,755.3099975585938,755.3800048828125,755.219970703125,755.3701171875,97534,regular,False
2026-08-03T15:00:00+00:00,755.3800048828125,755.4299926757812,755.2899780273438,755.2899780273438,309955,regular,False
2026-08-03T15:01:00+00:00,755.2999877929688,755.4000244140625,755.239990234375,755.3300170898438,115241,regular,False
2026-08-03T15:02:00+00:00,755.3300170898438,755.3699951171875,755.27001953125,755.2899780273438,84041,regular,False
2026-08-03T15:03:00+00:00,755.2949829101562,755.3099975585938,755.1649780273438,755.239990234375,134762,regular,False
2026-08-03T15:04:00+00:00,755.2349853515625,755.27001953125,755.094970703125,755.239990234375,117863,regular,False
2026-08-03T15:05:00+00:00,755.239990234375,755.25,755.02001953125,755.02001953125,96337,regular,False
2026-08-03T15:06:00+00:00,755.030029296875,755.030029296875,754.7899780273438,755.02001953125,108626,regular,False
2026-08-03T15:07:00+00:00,755.0250244140625,755.22998046875,754.8800048828125,755.0800170898438,74231,regular,False
2026-08-03T15:08:00+00:00,755.0700073242188,755.1099853515625,754.9199829101562,754.9849853515625,65980,regular,False
2026-08-03T15:09:00+00:00,754.97998046875,754.989990234375,754.8800048828125,754.9500122070312,71364,regular,False
2026-08-03T15:10:00+00:00,754.9400024414062,754.9849853515625,754.7999877929688,754.9149780273438,114958,regular,False
2026-08-03T15:11:00+00:00,754.9254760742188,754.989990234375,754.8599853515625,754.97998046875,99207,regular,False
2026-08-03T15:12:00+00:00,754.9849853515625,755.0999755859375,754.8300170898438,755.0999755859375,96518,regular,False
2026-08-03T15:13:00+00:00,755.0999755859375,755.1300048828125,755.010009765625,755.0800170898438,141991,regular,False
2026-08-03T15:14:00+00:00,755.0800170898438,755.0800170898438,754.9500122070312,755.0549926757812,84245,regular,False
2026-08-03T15:15:00+00:00,755.0549926757812,755.3099975585938,755.0499877929688,755.22998046875,99938,regular,False
2026-08-03T15:16:00+00:00,755.22998046875,755.2949829101562,755.1799926757812,755.25,273873,regular,False
2026-08-03T15:17:00+00:00,755.239990234375,755.25,755.0999755859375,755.22998046875,76672,regular,False
2026-08-03T15:18:00+00:00,755.22998046875,755.3250122070312,755.2150268554688,755.3200073242188,55260,regular,False
2026-08-03T15:19:00+00:00,755.3099975585938,755.4000244140625,755.2899780273438,755.3900146484375,68661,regular,False
2026-08-03T15:20:00+00:00,755.4000244140625,755.5900268554688,755.4000244140625,755.5900268554688,101591,regular,False
2026-08-03T15:21:00+00:00,755.5800170898438,755.5999755859375,755.3800048828125,755.4299926757812,141546,regular,False
2026-08-03T15:22:00+00:00,755.4299926757812,755.6099243164062,755.3900146484375,755.5999755859375,87916,regular,False
2026-08-03T15:23:00+00:00,755.6099853515625,755.6300048828125,755.5,755.6199951171875,100632,regular,False
2026-08-03T15:24:00+00:00,755.6199951171875,755.6900024414062,755.5449829101562,755.5800170898438,93764,regular,False
2026-08-03T15:25:00+00:00,755.5750122070312,755.7000122070312,755.0999755859375,755.3800048828125,172022,regular,False
2026-08-03T15:26:00+00:00,755.3900146484375,755.5599975585938,755.239990234375,755.4199829101562,266508,regular,False
2026-08-03T15:27:00+00:00,755.4249877929688,755.510009765625,755.3599853515625,755.4000244140625,74133,regular,False
2026-08-03T15:28:00+00:00,755.4199829101562,755.4500122070312,755.02001953125,755.1400146484375,114782,regular,False
2026-08-03T15:29:00+00:00,755.1599731445312,755.2299194335938,755.030029296875,755.1099853515625,73483,regular,False
2026-08-03T15:30:00+00:00,755.1199951171875,755.4099731445312,755.0750122070312,755.2589721679688,132552,regular,False
2026-08-03T15:31:00+00:00,755.25,755.385009765625,755.219970703125,755.27001953125,74613,regular,False
2026-08-03T15:32:00+00:00,755.25,755.3400268554688,755.2100219726562,755.2650146484375,64538,regular,False
2026-08-03T15:33:00+00:00,755.260009765625,755.4400024414062,755.2100219726562,755.4349975585938,194277,regular,False
2026-08-03T15:34:00+00:00,755.4400024414062,755.469970703125,755.2899780273438,755.2999877929688,80024,regular,False
2026-08-03T15:35:00+00:00,755.2899780273438,755.3900146484375,755.2000122070312,755.3900146484375,65980,regular,False
2026-08-03T15:36:00+00:00,755.3900146484375,755.4500122070312,755.2899780273438,755.344970703125,72103,regular,False
2026-08-03T15:37:00+00:00,755.344970703125,755.4500122070312,755.3300170898438,755.3900146484375,1063855,regular,False
2026-08-03T15:38:00+00:00,755.3699951171875,755.5399780273438,755.3300170898438,755.47998046875,95883,regular,False
2026-08-03T15:39:00+00:00,755.489990234375,755.6199951171875,755.4199829101562,755.5599975585938,379193,regular,False
2026-08-03T15:40:00+00:00,755.5449829101562,755.760009765625,755.530029296875,755.7000122070312,89146,regular,False
2026-08-03T15:41:00+00:00,755.7000122070312,755.8300170898438,755.6900024414062,755.7550048828125,132647,regular,False
2026-08-03T15:42:00+00:00,755.7598876953125,755.7598876953125,755.6801147460938,755.7000122070312,81986,regular,False
2026-08-03T15:43:00+00:00,755.6900024414062,755.739990234375,755.594970703125,755.6199951171875,73282,regular,False
2026-08-03T15:44:00+00:00,755.6199951171875,755.6699829101562,755.5800170898438,755.6400756835938,48438,regular,False
2026-08-03T15:45:00+00:00,755.6500244140625,755.9299926757812,755.6500244140625,755.8800048828125,99998,regular,False
2026-08-03T15:46:00+00:00,755.8900146484375,756.02001953125,755.8779907226562,755.9500122070312,235545,regular,False
2026-08-03T15:47:00+00:00,755.9500122070312,755.989990234375,755.8499755859375,755.9749755859375,61232,regular,False
2026-08-03T15:48:00+00:00,755.9749755859375,755.97998046875,755.8800048828125,755.8900146484375,131135,regular,False
2026-08-03T15:49:00+00:00,755.8800048828125,756.0700073242188,755.8699951171875,756.02001953125,155295,regular,False
2026-08-03T15:50:00+00:00,756.030029296875,756.1300048828125,756.0,756.0300903320312,80955,regular,False
2026-08-03T15:51:00+00:00,756.030029296875,756.1099853515625,755.969970703125,756.0800170898438,64792,regular,False
2026-08-03T15:52:00+00:00,756.0800170898438,756.1328125,756.02001953125,756.0349731445312,49130,regular,False
2026-08-03T15:53:00+00:00,756.0399780273438,756.1950073242188,756.02001953125,756.1799926757812,57920,regular,False
2026-08-03T15:54:00+00:00,756.1749877929688,756.2100219726562,756.14501953125,756.1799926757812,62379,regular,False
2026-08-03T15:55:00+00:00,756.1699829101562,756.1900024414062,755.97998046875,756.0399780273438,127200,regular,False
2026-08-03T15:56:00+00:00,756.030029296875,756.1400146484375,755.9400024414062,755.9801025390625,67330,regular,False
2026-08-03T15:57:00+00:00,755.97998046875,756.0150146484375,755.8300170898438,755.9000244140625,73990,regular,False
2026-08-03T15:58:00+00:00,755.8900146484375,756.02001953125,755.8214111328125,755.9564208984375,57638,regular,False
2026-08-03T15:59:00+00:00,755.9400024414062,756.010009765625,755.8499755859375,755.9550170898438,66266,regular,False
2026-08-03T16:00:00+00:00,755.9600219726562,756.1699829101562,755.9500122070312,756.0,57707,regular,False
2026-08-03T16:01:00+00:00,756.0300903320312,756.1199951171875,755.9301147460938,756.0900268554688,54966,regular,False
2026-08-03T16:02:00+00:00,756.0900268554688,756.1300048828125,755.97998046875,756.0499267578125,64767,regular,False
2026-08-03T16:03:00+00:00,756.0300903320312,756.0599975585938,755.9705810546875,756.0499877929688,54011,regular,False
2026-08-03T16:04:00+00:00,756.0499877929688,756.1400146484375,755.989990234375,756.0,65811,regular,False
2026-08-03T16:05:00+00:00,756.0025024414062,756.0499877929688,755.97998046875,756.030029296875,283055,regular,False
2026-08-03T16:06:00+00:00,756.030029296875,756.0399780273438,755.9400024414062,755.969970703125,59753,regular,False
2026-08-03T16:07:00+00:00,755.97998046875,756.030029296875,755.9500122070312,755.969970703125,70141,regular,False
2026-08-03T16:08:00+00:00,755.969970703125,756.0900268554688,755.8800048828125,755.8800048828125,59692,regular,False
2026-08-03T16:09:00+00:00,755.8900146484375,756.0499877929688,755.864990234375,756.0291137695312,63834,regular,False
2026-08-03T16:10:00+00:00,756.0499267578125,756.0499877929688,755.875,755.8800048828125,57047,regular,False
2026-08-03T16:11:00+00:00,755.8699951171875,755.9000244140625,755.7899780273438,755.8200073242188,58758,regular,False
2026-08-03T16:12:00+00:00,755.8099975585938,755.9299926757812,755.7999877929688,755.9199829101562,46033,regular,False
2026-08-03T16:13:00+00:00,755.9249877929688,755.9249877929688,755.760009765625,755.8599853515625,149056,regular,False
2026-08-03T16:14:00+00:00,755.8699951171875,756.030029296875,755.8300170898438,755.989990234375,77397,regular,False
2026-08-03T16:15:00+00:00,755.989990234375,756.0900268554688,755.9600219726562,756.0900268554688,314407,regular,False
2026-08-03T16:16:00+00:00,756.0900268554688,756.260009765625,756.0800170898438,756.1799926757812,76165,regular,False
2026-08-03T16:17:00+00:00,756.1851196289062,756.25,756.1599731445312,756.25,40888,regular,False
2026-08-03T16:18:00+00:00,756.2449951171875,756.260009765625,756.155029296875,756.1900024414062,89459,regular,False
2026-08-03T16:19:00+00:00,756.1900024414062,756.27001953125,756.1900024414062,756.2349853515625,66201,regular,False
2026-08-03T16:20:00+00:00,756.2349853515625,756.2598266601562,756.0900268554688,756.0900268554688,60287,regular,False
2026-08-03T16:21:00+00:00,756.094970703125,756.1900024414062,756.0750122070312,756.1599731445312,60708,regular,False
2026-08-03T16:22:00+00:00,756.1699829101562,756.260009765625,756.1649780273438,756.260009765625,47202,regular,False
2026-08-03T16:23:00+00:00,756.260009765625,756.2899780273438,756.1849975585938,756.1950073242188,57228,regular,False
2026-08-03T16:24:00+00:00,756.2000122070312,756.260009765625,756.1849975585938,756.260009765625,43292,regular,False
2026-08-03T16:25:00+00:00,756.260009765625,756.3099975585938,756.2249755859375,756.2899780273438,109031,regular,False
2026-08-03T16:26:00+00:00,756.2849731445312,756.3599853515625,756.1799926757812,756.239990234375,104304,regular,False
2026-08-03T16:27:00+00:00,756.25,756.469970703125,756.219970703125,756.4400024414062,59879,regular,False
2026-08-03T16:28:00+00:00,756.4400024414062,756.5698852539062,756.4000244140625,756.4749755859375,61320,regular,False
2026-08-03T16:29:00+00:00,756.469970703125,756.5999755859375,756.4450073242188,756.5700073242188,98822,regular,False
2026-08-03T16:30:00+00:00,756.5700073242188,756.5700073242188,756.4600219726562,756.47998046875,70516,regular,False
2026-08-03T16:31:00+00:00,756.4849853515625,756.5900268554688,756.4600219726562,756.469970703125,67209,regular,False
2026-08-03T16:32:00+00:00,756.4650268554688,756.6199951171875,756.3217163085938,756.469970703125,411053,regular,False
2026-08-03T16:33:00+00:00,756.4600219726562,756.47998046875,756.4099731445312,756.4450073242188,71636,regular,False
2026-08-03T16:34:00+00:00,756.4450073242188,756.5800170898438,756.4349975585938,756.4349975585938,84353,regular,False
2026-08-03T16:35:00+00:00,756.4299926757812,756.4299926757812,756.25,756.3400268554688,59259,regular,False
2026-08-03T16:36:00+00:00,756.3400268554688,756.3599853515625,756.27001953125,756.3300170898438,184583,regular,False
2026-08-03T16:37:00+00:00,756.3200073242188,756.4299926757812,756.2999877929688,756.3599853515625,44506,regular,False
2026-08-03T16:38:00+00:00,756.3599853515625,756.4099731445312,756.2899780273438,756.385009765625,68350,regular,False
2026-08-03T16:39:00+00:00,756.389892578125,756.4199829101562,756.2100219726562,756.2899780273438,43080,regular,False
2026-08-03T16:40:00+00:00,756.2899780273438,756.4149780273438,756.2899780273438,756.3699951171875,46023,regular,False
2026-08-03T16:41:00+00:00,756.3699951171875,756.3900146484375,756.2999877929688,756.3200073242188,44206,regular,False
2026-08-03T16:42:00+00:00,756.3200073242188,756.3200073242188,756.22998046875,756.27001953125,42523,regular,False
2026-08-03T16:43:00+00:00,756.260009765625,756.4149780273438,756.22998046875,756.4099731445312,46967,regular,False
2026-08-03T16:44:00+00:00,756.4199829101562,756.5050048828125,756.4099731445312,756.469970703125,181180,regular,False
2026-08-03T16:45:00+00:00,756.47998046875,756.489990234375,756.3800048828125,756.3900146484375,160086,regular,False
2026-08-03T16:46:00+00:00,756.3900146484375,756.5,756.3800048828125,756.4600219726562,52571,regular,False
2026-08-03T16:47:00+00:00,756.4500122070312,756.4500122070312,756.3499755859375,756.3699951171875,43247,regular,False
2026-08-03T16:48:00+00:00,756.3699951171875,756.4000244140625,756.3099975585938,756.3214111328125,60455,regular,False
2026-08-03T16:49:00+00:00,756.3250122070312,756.375,756.2999877929688,756.3099975585938,53756,regular,False
2026-08-03T16:50:00+00:00,756.3200073242188,756.3800048828125,756.2899780273438,756.3499755859375,42541,regular,False
2026-08-03T16:51:00+00:00,756.3599853515625,756.364990234375,756.1400146484375,756.1500244140625,217347,regular,False
2026-08-03T16:52:00+00:00,756.14501953125,756.1594848632812,756.0399780273438,756.0599975585938,89146,regular,False
2026-08-03T16:53:00+00:00,756.0549926757812,756.1900024414062,756.0549926757812,756.1699829101562,46236,regular,False
2026-08-03T16:54:00+00:00,756.1799926757812,756.22998046875,756.030029296875,756.0499877929688,36339,regular,False
2026-08-03T16:55:00+00:00,756.0499877929688,756.0999755859375,756.0150146484375,756.0399780273438,53925,regular,False
2026-08-03T16:56:00+00:00,756.0399780273438,756.1500244140625,756.0399780273438,756.1500244140625,76093,regular,False
2026-08-03T16:57:00+00:00,756.1400146484375,756.3400268554688,756.1400146484375,756.3400268554688,47350,regular,False
2026-08-03T16:58:00+00:00,756.3400268554688,756.3499755859375,756.2100219726562,756.2100219726562,60016,regular,False
2026-08-03T16:59:00+00:00,756.219970703125,756.239990234375,756.1599731445312,756.219970703125,45108,regular,False
2026-08-03T17:00:00+00:00,756.219970703125,756.2999877929688,756.0900268554688,756.10009765625,70112,regular,False
2026-08-03T17:01:00+00:00,756.10498046875,756.260009765625,756.094970703125,756.1950073242188,50415,regular,False
2026-08-03T17:02:00+00:00,756.1950073242188,756.2849731445312,756.1400146484375,756.1799926757812,59151,regular,False
2026-08-03T17:03:00+00:00,756.1799926757812,756.1799926757812,756.030029296875,756.1099853515625,163401,regular,False
2026-08-03T17:04:00+00:00,756.0999755859375,756.2100219726562,756.0700073242188,756.2100219726562,73834,regular,False
2026-08-03T17:05:00+00:00,756.2100219726562,756.2999877929688,756.0900268554688,756.14501953125,70939,regular,False
2026-08-03T17:06:00+00:00,756.1400146484375,756.1400146484375,756.0250244140625,756.0700073242188,78060,regular,False
2026-08-03T17:07:00+00:00,756.0700073242188,756.0700073242188,755.97998046875,756.0399780273438,70459,regular,False
2026-08-03T17:08:00+00:00,756.0399780273438,756.0999755859375,756.02001953125,756.094970703125,69401,regular,False
2026-08-03T17:09:00+00:00,756.0900268554688,756.280029296875,756.0900268554688,756.2150268554688,204041,regular,False
2026-08-03T17:10:00+00:00,756.2100219726562,756.4299926757812,756.2100219726562,756.4299926757812,46240,regular,False
2026-08-03T17:11:00+00:00,756.4299926757812,756.6099853515625,756.4299926757812,756.5349731445312,65506,regular,False
2026-08-03T17:12:00+00:00,756.5349731445312,756.5999755859375,756.489990234375,756.5250244140625,79962,regular,False
2026-08-03T17:13:00+00:00,756.530029296875,756.5549926757812,756.4801025390625,756.5449829101562,43126,regular,False
2026-08-03T17:14:00+00:00,756.5449829101562,756.5598754882812,756.489990234375,756.510009765625,68932,regular,False
2026-08-03T17:15:00+00:00,756.51171875,756.6694946289062,756.4949951171875,756.5150146484375,126249,regular,False
2026-08-03T17:16:00+00:00,756.52001953125,756.5999755859375,756.5150146484375,756.5599975585938,41316,regular,False
2026-08-03T17:17:00+00:00,756.5700073242188,756.6500244140625,756.52001953125,756.6300048828125,68479,regular,False
2026-08-03T17:18:00+00:00,756.6400146484375,756.72998046875,756.5800170898438,756.6799926757812,81237,regular,False
2026-08-03T17:19:00+00:00,756.6900024414062,756.7899780273438,756.6300048828125,756.77001953125,57947,regular,False
2026-08-03T17:20:00+00:00,756.77001953125,756.7899780273438,756.6699829101562,756.6799926757812,67166,regular,False
2026-08-03T17:21:00+00:00,756.6900024414062,756.8200073242188,756.6849975585938,756.7999877929688,91758,regular,False
2026-08-03T17:22:00+00:00,756.7999877929688,756.969970703125,756.7849731445312,756.9400024414062,64023,regular,False
2026-08-03T17:23:00+00:00,756.9500122070312,756.9600219726562,756.9100952148438,756.9349975585938,65381,regular,False
2026-08-03T17:24:00+00:00,756.9299926757812,757.0150146484375,756.905029296875,756.9650268554688,91921,regular,False
2026-08-03T17:25:00+00:00,756.9650268554688,757.010009765625,756.8900146484375,756.8900146484375,48796,regular,False
2026-08-03T17:26:00+00:00,756.8900146484375,756.97998046875,756.8400268554688,756.97998046875,49324,regular,False
2026-08-03T17:27:00+00:00,756.9849853515625,757.155029296875,756.969970703125,757.0349731445312,55126,regular,False
2026-08-03T17:28:00+00:00,757.0349731445312,757.1400146484375,757.010009765625,757.0399780273438,76855,regular,False
2026-08-03T17:29:00+00:00,757.0499877929688,757.0900268554688,757.02001953125,757.0850219726562,181969,regular,False
2026-08-03T17:30:00+00:00,757.083984375,757.14501953125,757.0650024414062,757.135009765625,170459,regular,False
2026-08-03T17:31:00+00:00,757.135009765625,757.1500244140625,757.02001953125,757.0850219726562,57727,regular,False
2026-08-03T17:32:00+00:00,757.0850219726562,757.0999755859375,757.010009765625,757.0850219726562,38084,regular,False
2026-08-03T17:33:00+00:00,757.0900268554688,757.239990234375,757.0700073242188,757.1849975585938,52446,regular,False
2026-08-03T17:34:00+00:00,757.1950073242188,757.3599853515625,757.1500244140625,757.35498046875,67425,regular,False
2026-08-03T17:35:00+00:00,757.3499755859375,757.469970703125,757.27001953125,757.3499755859375,207138,regular,False
2026-08-03T17:36:00+00:00,757.3499755859375,757.3900146484375,757.280029296875,757.2849731445312,71240,regular,False
2026-08-03T17:37:00+00:00,757.2849731445312,757.3400268554688,757.22998046875,757.239990234375,58023,regular,False
2026-08-03T17:38:00+00:00,757.239990234375,757.260009765625,757.1199951171875,757.1801147460938,79889,regular,False
2026-08-03T17:39:00+00:00,757.1799926757812,757.25,757.1199951171875,757.2100219726562,46136,regular,False
2026-08-03T17:40:00+00:00,757.22998046875,757.27001953125,757.1599731445312,757.2449951171875,35036,regular,False
2026-08-03T17:41:00+00:00,757.25,757.280029296875,757.219970703125,757.219970703125,36114,regular,False
2026-08-03T17:42:00+00:00,757.22998046875,757.2899780273438,757.2100219726562,757.27001953125,40086,regular,False
2026-08-03T17:43:00+00:00,757.260009765625,757.2999877929688,757.22412109375,757.22998046875,33282,regular,False
2026-08-03T17:44:00+00:00,757.25,757.3400268554688,757.219970703125,757.3300170898438,43046,regular,False
2026-08-03T17:45:00+00:00,757.3200073242188,757.4600219726562,757.3200073242188,757.4400024414062,54414,regular,False
2026-08-03T17:46:00+00:00,757.4400024414062,757.52001953125,757.4299926757812,757.469970703125,111256,regular,False
2026-08-03T17:47:00+00:00,757.469970703125,757.489990234375,757.4199829101562,757.4400024414062,115579,regular,False
2026-08-03T17:48:00+00:00,757.4550170898438,757.4600219726562,757.3699951171875,757.4349975585938,218595,regular,False
2026-08-03T17:49:00+00:00,757.4349975585938,757.4500122070312,757.3800048828125,757.4400024414062,68646,regular,False
2026-08-03T17:50:00+00:00,757.4500122070312,757.5399780273438,757.4099731445312,757.4349975585938,162083,regular,False
2026-08-03T17:51:00+00:00,757.4299926757812,757.5250244140625,757.4199829101562,757.5,1606081,regular,False
2026-08-03T17:52:00+00:00,757.5,757.510009765625,757.4500122070312,757.489990234375,53476,regular,False
2026-08-03T17:53:00+00:00,757.47998046875,757.5399780273438,757.4500122070312,757.5150146484375,35468,regular,False
2026-08-03T17:54:00+00:00,757.530029296875,757.6199951171875,757.52001953125,757.5999755859375,61981,regular,False
2026-08-03T17:55:00+00:00,757.5999755859375,757.7349853515625,757.5999755859375,757.6500244140625,75207,regular,False
2026-08-03T17:56:00+00:00,757.6500244140625,757.7000122070312,757.5599975585938,757.625,97196,regular,False
2026-08-03T17:57:00+00:00,757.625,757.75,757.6199951171875,757.7454223632812,201972,regular,False
2026-08-03T17:58:00+00:00,757.75,757.780029296875,757.72998046875,757.7468872070312,52390,regular,False
2026-08-03T17:59:00+00:00,757.739990234375,757.7650146484375,757.64501953125,757.6450805664062,79612,regular,False
2026-08-03T18:00:00+00:00,757.64501953125,757.8200073242188,757.6400146484375,757.72998046875,153997,regular,False
2026-08-03T18:01:00+00:00,757.719970703125,757.8150024414062,757.6599731445312,757.6699829101562,96798,regular,False
2026-08-03T18:02:00+00:00,757.6799926757812,757.7899780273438,757.6799926757812,757.7899780273438,124108,regular,False
2026-08-03T18:03:00+00:00,757.7849731445312,757.9450073242188,757.7849731445312,757.9349975585938,103737,regular,False
2026-08-03T18:04:00+00:00,757.9349975585938,758.1400146484375,757.9299926757812,758.1400146484375,107153,regular,False
2026-08-03T18:05:00+00:00,758.135009765625,758.2899780273438,758.0999755859375,758.2650146484375,251197,regular,False
2026-08-03T18:06:00+00:00,758.27001953125,758.280029296875,758.1500244140625,758.239990234375,102483,regular,False
2026-08-03T18:07:00+00:00,758.239990234375,758.2899780273438,758.1400146484375,758.1500854492188,79019,regular,False
2026-08-03T18:08:00+00:00,758.1599731445312,758.22998046875,758.0800170898438,758.219970703125,95069,regular,False
2026-08-03T18:09:00+00:00,758.22998046875,758.3200073242188,758.219970703125,758.3049926757812,61619,regular,False
2026-08-03T18:10:00+00:00,758.3099975585938,758.3300170898438,758.22998046875,758.3150024414062,91204,regular,False
2026-08-03T18:11:00+00:00,758.3200073242188,758.3200073242188,757.9600219726562,757.9849853515625,142688,regular,False
2026-08-03T18:12:00+00:00,757.97998046875,758.0499877929688,757.8635864257812,757.989990234375,108559,regular,False
2026-08-03T18:13:00+00:00,757.9949951171875,758.1400146484375,757.9600219726562,758.0499877929688,86952,regular,False
2026-08-03T18:14:00+00:00,758.0499877929688,758.0850219726562,758.010009765625,758.010009765625,68950,regular,False
2026-08-03T18:15:00+00:00,758.0150146484375,758.239990234375,758.010009765625,758.2000122070312,226365,regular,False
2026-08-03T18:16:00+00:00,758.1950073242188,758.2750244140625,758.155029296875,758.239990234375,65695,regular,False
2026-08-03T18:17:00+00:00,758.239990234375,758.3099975585938,758.1099853515625,758.1099853515625,69214,regular,False
2026-08-03T18:18:00+00:00,758.1099853515625,758.1400146484375,758.0150146484375,758.0499877929688,55971,regular,False
2026-08-03T18:19:00+00:00,758.0479736328125,758.0499877929688,757.9000244140625,757.9600219726562,51959,regular,False
2026-08-03T18:20:00+00:00,757.969970703125,757.969970703125,757.7999877929688,757.9099731445312,101904,regular,False
2026-08-03T18:21:00+00:00,757.9199829101562,758.0700073242188,757.8599853515625,758.0601196289062,62215,regular,False
2026-08-03T18:22:00+00:00,758.0800170898438,758.1699829101562,758.010986328125,758.1400146484375,51287,regular,False
2026-08-03T18:23:00+00:00,758.1400146484375,758.1599731445312,758.0700073242188,758.1400146484375,66817,regular,False
2026-08-03T18:24:00+00:00,758.1500244140625,758.1500244140625,757.9299926757812,757.9500122070312,48901,regular,False
2026-08-03T18:25:00+00:00,757.9400024414062,758.0499877929688,757.8499755859375,757.8900146484375,53797,regular,False
2026-08-03T18:26:00+00:00,757.89501953125,757.9000244140625,757.7999877929688,757.7999877929688,65327,regular,False
2026-08-03T18:27:00+00:00,757.8049926757812,757.8049926757812,757.6300048828125,757.6900024414062,108047,regular,False
2026-08-03T18:28:00+00:00,757.7000122070312,757.719970703125,757.47998046875,757.5050048828125,83224,regular,False
2026-08-03T18:29:00+00:00,757.5050048828125,757.6300048828125,757.5,757.5700073242188,88682,regular,False
2026-08-03T18:30:00+00:00,757.5800170898438,757.8200073242188,757.5349731445312,757.5399780273438,94329,regular,False
2026-08-03T18:31:00+00:00,757.5399780273438,757.6099853515625,757.47998046875,757.60498046875,82212,regular,False
2026-08-03T18:32:00+00:00,757.5900268554688,757.7050170898438,757.5599975585938,757.6400146484375,83435,regular,False
2026-08-03T18:33:00+00:00,757.6500244140625,757.6799926757812,757.3405151367188,757.4000244140625,244968,regular,False
2026-08-03T18:34:00+00:00,757.385009765625,757.5900268554688,757.3400268554688,757.510009765625,106173,regular,False
2026-08-03T18:35:00+00:00,757.52001953125,757.6849975585938,757.4949951171875,757.6599731445312,194578,regular,False
2026-08-03T18:36:00+00:00,757.6649780273438,757.719970703125,757.47998046875,757.5599975585938,68575,regular,False
2026-08-03T18:37:00+00:00,757.5650024414062,757.6699829101562,757.47998046875,757.6699829101562,70757,regular,False
2026-08-03T18:38:00+00:00,757.6699829101562,757.7999877929688,757.5800170898438,757.7999877929688,51504,regular,False
2026-08-03T18:39:00+00:00,757.7899780273438,757.8099975585938,757.6300048828125,757.6699829101562,179668,regular,False
2026-08-03T18:40:00+00:00,757.6799926757812,757.7000122070312,757.5800170898438,757.6799926757812,83282,regular,False
2026-08-03T18:41:00+00:00,757.6649780273438,757.8499755859375,757.639892578125,757.8499755859375,80933,regular,False
2026-08-03T18:42:00+00:00,757.8599853515625,757.9481811523438,757.8499755859375,757.9000244140625,105473,regular,False
2026-08-03T18:43:00+00:00,757.9000244140625,758.0050048828125,757.8800048828125,757.97998046875,70161,regular,False
2026-08-03T18:44:00+00:00,757.9849853515625,758.1099853515625,757.9600219726562,758.0850219726562,55840,regular,False
2026-08-03T18:45:00+00:00,758.0900268554688,758.1900024414062,757.97998046875,757.9849853515625,129902,regular,False
2026-08-03T18:46:00+00:00,757.989990234375,757.9998779296875,757.760009765625,757.9749755859375,105422,regular,False
2026-08-03T18:47:00+00:00,757.9749755859375,757.97998046875,757.8300170898438,757.8800048828125,198070,regular,False
2026-08-03T18:48:00+00:00,757.8900146484375,757.969970703125,757.875,757.9650268554688,56037,regular,False
2026-08-03T18:49:00+00:00,757.9600219726562,758.113525390625,757.9199829101562,758.10498046875,70020,regular,False
2026-08-03T18:50:00+00:00,758.10498046875,758.1599731445312,757.9299926757812,757.9600219726562,109776,regular,False
2026-08-03T18:51:00+00:00,757.9500122070312,758.0349731445312,757.9199829101562,758.030029296875,51997,regular,False
2026-08-03T18:52:00+00:00,758.0250244140625,758.1500244140625,758.010009765625,758.0526123046875,43819,regular,False
2026-08-03T18:53:00+00:00,758.0499877929688,758.2899780273438,758.030029296875,758.27001953125,105874,regular,False
2026-08-03T18:54:00+00:00,758.27001953125,758.27001953125,758.0599975585938,758.0800170898438,74135,regular,False
2026-08-03T18:55:00+00:00,758.0800170898438,758.1500244140625,758.0700073242188,758.0900268554688,62977,regular,False
2026-08-03T18:56:00+00:00,758.10498046875,758.1300048828125,757.989990234375,758.02001953125,60086,regular,False
2026-08-03T18:57:00+00:00,758.02001953125,758.125,758.0,758.1199951171875,55227,regular,False
2026-08-03T18:58:00+00:00,758.1300048828125,758.22998046875,758.0999755859375,758.1599731445312,39012,regular,False
2026-08-03T18:59:00+00:00,758.1699829101562,758.1699829101562,757.9199829101562,757.9349975585938,126974,regular,False
2026-08-03T19:00:00+00:00,757.9400024414062,758.2999877929688,757.9400024414062,758.239990234375,77947,regular,False
2026-08-03T19:01:00+00:00,758.239990234375,758.47998046875,758.1900024414062,758.39501953125,114353,regular,False
2026-08-03T19:02:00+00:00,758.39501953125,758.5800170898438,758.3800048828125,758.5499877929688,91085,regular,False
2026-08-03T19:03:00+00:00,758.52001953125,758.5499877929688,758.4299926757812,758.4949951171875,99174,regular,False
2026-08-03T19:04:00+00:00,758.4949951171875,758.5150146484375,758.4550170898438,758.5,51083,regular,False
2026-08-03T19:05:00+00:00,758.5004272460938,758.5399780273438,758.280029296875,758.375,118179,regular,False
2026-08-03T19:06:00+00:00,758.3800048828125,758.4199829101562,758.2432861328125,758.375,77302,regular,False
2026-08-03T19:07:00+00:00,758.3800048828125,758.3900146484375,758.2249755859375,758.2249755859375,84529,regular,False
2026-08-03T19:08:00+00:00,758.219970703125,758.239990234375,758.0700073242188,758.219970703125,61749,regular,False
2026-08-03T19:09:00+00:00,758.2100219726562,758.219970703125,758.1400146484375,758.1900024414062,46687,regular,False
2026-08-03T19:10:00+00:00,758.1950073242188,758.3599853515625,758.1799926757812,758.280029296875,66253,regular,False
2026-08-03T19:11:00+00:00,758.2700805664062,758.4099731445312,758.2650146484375,758.3699951171875,61211,regular,False
2026-08-03T19:12:00+00:00,758.3699951171875,758.3800048828125,758.280029296875,758.3200073242188,76981,regular,False
2026-08-03T19:13:00+00:00,758.2999877929688,758.3099975585938,758.0850219726562,758.2000122070312,62037,regular,False
2026-08-03T19:14:00+00:00,758.1799926757812,758.27001953125,758.155029296875,758.1799926757812,107424,regular,False
2026-08-03T19:15:00+00:00,758.1810302734375,758.3300170898438,758.1799926757812,758.2899780273438,126085,regular,False
2026-08-03T19:16:00+00:00,758.2999877929688,758.4000244140625,758.22998046875,758.2949829101562,74374,regular,False
2026-08-03T19:17:00+00:00,758.2899780273438,758.4099731445312,758.2274169921875,758.3978271484375,64269,regular,False
2026-08-03T19:18:00+00:00,758.3900146484375,758.4299926757812,758.3200073242188,758.3200073242188,58150,regular,False
2026-08-03T19:19:00+00:00,758.2999877929688,758.4400024414062,758.2899780273438,758.3400268554688,128851,regular,False
2026-08-03T19:20:00+00:00,758.3499755859375,758.4000244140625,758.22998046875,758.239990234375,105534,regular,False
2026-08-03T19:21:00+00:00,758.239990234375,758.3400268554688,758.219970703125,758.3300170898438,103146,regular,False
2026-08-03T19:22:00+00:00,758.3201293945312,758.4000244140625,758.282470703125,758.2949829101562,46040,regular,False
2026-08-03T19:23:00+00:00,758.3099975585938,758.3699951171875,758.280029296875,758.3400268554688,69064,regular,False
2026-08-03T19:24:00+00:00,758.3300170898438,758.4500122070312,758.3300170898438,758.4149780273438,95799,regular,False
2026-08-03T19:25:00+00:00,758.4149780273438,758.489990234375,758.3499755859375,758.4400024414062,102504,regular,False
2026-08-03T19:26:00+00:00,758.4400024414062,758.52001953125,758.4149780273438,758.4299926757812,103356,regular,False
2026-08-03T19:27:00+00:00,758.4400024414062,758.4949951171875,758.4099731445312,758.4949951171875,85209,regular,False
2026-08-03T19:28:00+00:00,758.489990234375,758.5499877929688,758.2901000976562,758.2901000976562,125465,regular,False
2026-08-03T19:29:00+00:00,758.2999877929688,758.4099731445312,758.260009765625,758.3400268554688,78717,regular,False
2026-08-03T19:30:00+00:00,758.3499755859375,758.510009765625,758.3300170898438,758.3800048828125,95982,regular,False
2026-08-03T19:31:00+00:00,758.385009765625,758.469970703125,758.35498046875,758.4349975585938,202359,regular,False
2026-08-03T19:32:00+00:00,758.4400024414062,758.5,758.3599853515625,758.3599853515625,115868,regular,False
2026-08-03T19:33:00+00:00,758.3800048828125,758.3900146484375,758.260009765625,758.27001953125,190510,regular,False
2026-08-03T19:34:00+00:00,758.260009765625,758.375,758.2000122070312,758.3406982421875,114387,regular,False
2026-08-03T19:35:00+00:00,758.3599853515625,758.4500122070312,758.3400268554688,758.4000244140625,114249,regular,False
2026-08-03T19:36:00+00:00,758.405029296875,758.4600219726562,758.0900268554688,758.1099853515625,291514,regular,False
2026-08-03T19:37:00+00:00,758.1099853515625,758.1500244140625,757.9650268554688,758.0800170898438,160543,regular,False
2026-08-03T19:38:00+00:00,758.0800170898438,758.125,757.989990234375,757.9949951171875,146701,regular,False
2026-08-03T19:39:00+00:00,757.9949951171875,758.1099853515625,757.9600219726562,758.0,108107,regular,False
2026-08-03T19:40:00+00:00,758.010009765625,758.0700073242188,757.8599853515625,758.0499267578125,239954,regular,False
2026-08-03T19:41:00+00:00,758.0449829101562,758.1649780273438,757.9099731445312,757.9600219726562,287055,regular,False
2026-08-03T19:42:00+00:00,757.9500122070312,758.02001953125,757.9099731445312,757.97998046875,155187,regular,False
2026-08-03T19:43:00+00:00,757.97998046875,758.0399780273438,757.9199829101562,757.9201049804688,157329,regular,False
2026-08-03T19:44:00+00:00,757.9400024414062,758.1649780273438,757.9400024414062,758.0700073242188,168698,regular,False
2026-08-03T19:45:00+00:00,758.0700073242188,758.1500244140625,758.02001953125,758.0999755859375,206645,regular,False
2026-08-03T19:46:00+00:00,758.0999755859375,758.1500244140625,757.9400024414062,758.0075073242188,212145,regular,False
2026-08-03T19:47:00+00:00,758.010009765625,758.1400146484375,757.9299926757812,758.1400146484375,239100,regular,False
2026-08-03T19:48:00+00:00,758.1400146484375,758.25,758.0800170898438,758.0999755859375,265051,regular,False
2026-08-03T19:49:00+00:00,758.0999755859375,758.1900024414062,758.0800170898438,758.1400146484375,166334,regular,False
2026-08-03T19:50:00+00:00,758.1500244140625,758.3300170898438,757.9600219726562,758.02001953125,324066,regular,False
2026-08-03T19:51:00+00:00,758.02001953125,758.3800048828125,758.0,758.27001953125,379471,regular,False
2026-08-03T19:52:00+00:00,758.260009765625,758.4099731445312,758.25,758.2899169921875,235682,regular,False
2026-08-03T19:53:00+00:00,758.280029296875,758.3696899414062,758.0150146484375,758.02001953125,296154,regular,False
2026-08-03T19:54:00+00:00,758.0150146484375,758.0150146484375,757.6400146484375,757.780029296875,350485,regular,False
2026-08-03T19:55:00+00:00,757.77001953125,757.8200073242188,757.5499877929688,757.6649780273438,501154,regular,False
2026-08-03T19:56:00+00:00,757.6599731445312,757.760009765625,757.5,757.7249755859375,415108,regular,False
2026-08-03T19:57:00+00:00,757.7349853515625,757.8900146484375,757.7349853515625,757.7449951171875,494161,regular,False
2026-08-03T19:58:00+00:00,757.7449951171875,757.8800048828125,757.6699829101562,757.7899780273438,758849,regular,False
2026-08-03T19:59:00+00:00,757.7750244140625,757.9849853515625,757.4400024414062,757.6699829101562,1027442,regular,False
2026-08-03T20:00:00+00:00,757.65,757.7,757.36,757.42,1301627,after-market,False
2026-08-03T20:01:00+00:00,757.4092,757.54,757.34,757.52,0,after-market,False
2026-08-03T20:02:00+00:00,757.46,757.71,757.41,757.7042,0,after-market,False
2026-08-03T20:03:00+00:00,757.671,757.7266,757.39,757.6076,0,after-market,False
2026-08-03T20:04:00+00:00,757.6,757.77,757.54,757.72,0,after-market,False
2026-08-03T20:05:00+00:00,757.69,757.91,757.66,757.79,0,after-market,False
2026-08-03T20:06:00+00:00,757.77,757.8574,757.7032,757.8315,0,after-market,False
2026-08-03T20:07:00+00:00,757.86,757.96,757.82,757.9568,0,after-market,False
2026-08-03T20:08:00+00:00,757.9578,757.97,757.8597,757.9201,0,after-market,False
2026-08-03T20:09:00+00:00,757.935,758.04,757.8,757.99,0,after-market,False
2026-08-03T20:10:00+00:00,757.99,758.02,757.67,757.9128,0,after-market,False
2026-08-03T20:11:00+00:00,757.909,758.04,757.6815,757.97,0,after-market,False
2026-08-03T20:12:00+00:00,757.97,757.9869,746.6475,757.92,0,after-market,False
2026-08-03T20:13:00+00:00,757.93,758.05,757.93,757.9965,0,after-market,False
2026-08-03T20:14:00+00:00,758.0,758.11,757.93,758.0,0,after-market,False
2026-08-03T20:15:00+00:00,757.67,758.16,757.67,758.14,0,after-market,False
2026-08-03T20:16:00+00:00,758.15,758.19,758.11,758.14,0,after-market,False
2026-08-03T20:17:00+00:00,758.19,758.26,758.15,758.19,0,after-market,False
2026-08-03T20:18:00+00:00,758.18,758.25,758.0,758.2,0,after-market,False
2026-08-03T20:19:00+00:00,758.2,758.24,758.18,758.2268,0,after-market,False
2026-08-03T20:20:00+00:00,757.67,758.36,757.67,758.34,0,after-market,False
2026-08-03T20:21:00+00:00,758.3485,758.47,758.33,758.3499,0,after-market,False
2026-08-03T20:22:00+00:00,758.3465,758.389,758.3062,758.3092,0,after-market,False
2026-08-03T20:23:00+00:00,758.28,758.3,758.23,758.2725,0,after-market,False
2026-08-03T20:24:00+00:00,758.3,758.3065,758.1951,758.21,0,after-market,False
2026-08-03T20:25:00+00:00,758.21,758.24,758.178,758.1943,0,after-market,False
2026-08-03T20:26:00+00:00,758.19,758.219,758.16,758.1842,0,after-market,False
2026-08-03T20:27:00+00:00,758.1644,758.2358,758.1644,758.21,0,after-market,False
2026-08-03T20:28:00+00:00,758.21,758.2123,758.1612,758.185,0,after-market,False
2026-08-03T20:29:00+00:00,758.165,758.19,758.11,758.11,0,after-market,False
2026-08-03T20:30:00+00:00,758.13,758.19,746.6475,758.15,0,after-market,False
2026-08-03T20:31:00+00:00,758.16,758.2078,758.15,758.2,0,after-market,False
2026-08-03T20:32:00+00:00,758.21,758.24,758.16,758.1785,0,after-market,False
2026-08-03T20:33:00+00:00,758.17,758.22,758.11,758.11,0,after-market,False
2026-08-03T20:34:00+00:00,758.1374,758.1957,758.11,758.19,0,after-market,False
2026-08-03T20:35:00+00:00,758.15,758.2339,758.15,758.225,0,after-market,False
2026-08-03T20:36:00+00:00,758.22,758.27,758.22,758.25,0,after-market,False
2026-08-03T20:37:00+00:00,758.24,758.2856,758.21,758.2856,0,after-market,False
2026-08-03T20:38:00+00:00,758.28,758.37,758.2751,758.281,0,after-market,False
2026-08-03T20:39:00+00:00,758.2978,758.32,758.28,758.3,0,after-market,False
2026-08-03T20:40:00+00:00,758.31,758.36,758.29,758.3081,0,after-market,False
2026-08-03T20:41:00+00:00,758.37,758.5002,758.33,758.4336,0,after-market,False
2026-08-03T20:42:00+00:00,758.43,758.47,746.6475,758.4338,0,after-market,False
2026-08-03T20:43:00+00:00,758.4387,758.4387,758.3868,758.3868,0,after-market,False
2026-08-03T20:44:00+00:00,758.38,758.3895,758.3426,758.3863,0,after-market,False
2026-08-03T20:45:00+00:00,758.35,758.39,758.35,758.38,0,after-market,False
2026-08-03T20:46:00+00:00,758.38,758.38,758.3225,758.336,0,after-market,False
2026-08-03T20:47:00+00:00,758.33,758.3658,758.25,758.275,0,after-market,False
2026-08-03T20:48:00+00:00,758.26,758.29,758.1697,758.1698,0,after-market,False
2026-08-03T20:49:00+00:00,758.16,758.17,758.08,758.09,0,after-market,False
2026-08-03T20:50:00+00:00,758.07,758.1338,706.4303,758.1073,0,after-market,False
2026-08-03T20:51:00+00:00,758.09,758.1073,758.04,758.04,0,after-market,False
2026-08-03T20:52:00+00:00,758.04,758.04,757.9902,757.9922,0,after-market,False
2026-08-03T20:53:00+00:00,757.99,758.08,757.99,758.03,0,after-market,False
2026-08-03T20:54:00+00:00,758.03,758.04,757.935,757.9848,0,after-market,False
2026-08-03T20:55:00+00:00,757.96,758.0474,757.95,757.995,0,after-market,False
2026-08-03T20:56:00+00:00,757.9958,758.03,757.9762,757.99,0,after-market,False
2026-08-03T20:57:00+00:00,757.975,758.0,757.97,757.98,0,after-market,False
2026-08-03T20:58:00+00:00,757.9775,757.98,757.9458,757.96,0,after-market,False
2026-08-03T20:59:00+00:00,757.965,758.0226,757.913,757.913,0,after-market,False
2026-08-03T21:00:00+00:00,758.0952,758.1,758.0,758.0,0,after-market,False
2026-08-03T21:01:00+00:00,758.0,758.0,757.9135,757.95,0,after-market,False
2026-08-03T21:02:00+00:00,757.95,758.03,757.91,758.0217,0,after-market,False
2026-08-03T21:03:00+00:00,757.9582,758.0,757.67,757.95,0,after-market,False
2026-08-03T21:04:00+00:00,757.96,758.03,757.9,758.0163,0,after-market,False
2026-08-03T21:05:00+00:00,758.0163,758.03,757.9197,758.0,0,after-market,False
2026-08-03T21:06:00+00:00,757.98,758.02,757.91,758.0094,0,after-market,False
2026-08-03T21:07:00+00:00,758.0094,758.0175,757.67,757.9492,0,after-market,False
2026-08-03T21:08:00+00:00,757.9492,758.0188,757.92,757.9392,0,after-market,False
2026-08-03T21:09:00+00:00,758.0,758.0177,757.92,757.9278,0,after-market,False
2026-08-03T21:10:00+00:00,757.92,758.0103,757.92,758.0103,0,after-market,False
2026-08-03T21:11:00+00:00,758.02,758.02,757.6,758.0126,0,after-market,False
2026-08-03T21:12:00+00:00,758.01,758.1,757.95,757.99,0,after-market,False
2026-08-03T21:13:00+00:00,758.0122,758.1,758.01,758.0265,0,after-market,False
2026-08-03T21:14:00+00:00,758.1,758.1,758.0179,758.0179,0,after-market,False
2026-08-03T21:15:00+00:00,758.0906,758.0906,758.0165,758.045,0,after-market,False
2026-08-03T21:16:00+00:00,758.0492,758.05,758.03,758.0492,0,after-market,False
2026-08-03T21:17:00+00:00,758.05,758.05,758.0415,758.05,0,after-market,False
2026-08-03T21:18:00+00:00,758.05,758.17,758.03,758.0489,0,after-market,False
2026-08-03T21:19:00+00:00,758.05,758.1,758.02,758.0489,0,after-market,False
2026-08-03T21:20:00+00:00,758.0489,758.05,758.0226,758.0489,0,after-market,False
2026-08-03T21:21:00+00:00,758.05,758.05,758.0,758.048,0,after-market,False
2026-08-03T21:22:00+00:00,758.05,758.05,758.0108,758.02,0,after-market,False
2026-08-03T21:23:00+00:00,758.04,758.07,758.03,758.05,0,after-market,False
2026-08-03T21:24:00+00:00,758.03,758.069,706.4303,758.0318,0,after-market,False
2026-08-03T21:25:00+00:00,758.03,758.0696,758.03,758.0574,0,after-market,False
2026-08-03T21:26:00+00:00,758.06,758.06,758.0307,758.06,0,after-market,False
2026-08-03T21:27:00+00:00,758.0574,758.0592,758.05,758.05,0,after-market,False
2026-08-03T21:28:00+00:00,758.0346,758.06,757.95,758.0488,0,after-market,False
2026-08-03T21:29:00+00:00,757.96,758.0488,757.95,757.9598,0,after-market,False
2026-08-03T21:30:00+00:00,758.04,758.04,757.9583,758.0395,0,after-market,False
2026-08-03T21:31:00+00:00,758.05,758.05,757.95,758.0395,0,after-market,False
2026-08-03T21:32:00+00:00,758.03,758.04,757.95,758.04,0,after-market,False
2026-08-03T21:33:00+00:00,758.03,758.05,757.95,758.0,0,after-market,False
2026-08-03T21:34:00+00:00,758.05,758.05,757.95,758.05,0,after-market,False
2026-08-03T21:35:00+00:00,758.0,758.025,758.0,758.02,0,after-market,False
2026-08-03T21:36:00+00:00,758.02,758.02,757.92,758.0,0,after-market,False
2026-08-03T21:37:00+00:00,757.99,757.99,757.9,757.97,0,after-market,False
2026-08-03T21:38:00+00:00,757.89,757.9777,757.8,757.82,0,after-market,False
2026-08-03T21:39:00+00:00,757.8201,757.97,757.8201,757.9,0,after-market,False
2026-08-03T21:40:00+00:00,757.92,757.92,757.82,757.91,0,after-market,False
2026-08-03T21:41:00+00:00,757.91,758.0,757.75,757.92,0,after-market,False
2026-08-03T21:42:00+00:00,757.92,757.95,757.865,757.9,0,after-market,False
2026-08-03T21:43:00+00:00,757.9,758.0,757.7731,757.9201,0,after-market,False
2026-08-03T21:44:00+00:00,757.94,758.0,757.85,757.9374,0,after-market,False
2026-08-03T21:45:00+00:00,757.95,757.95,757.9114,757.95,0,after-market,False
2026-08-03T21:46:00+00:00,757.95,758.0,757.94,757.94,0,after-market,False
2026-08-03T21:47:00+00:00,757.9722,758.0,757.97,757.9938,0,after-market,False
2026-08-03T21:48:00+00:00,758.0,758.0,757.99,758.0,0,after-market,False
2026-08-03T21:49:00+00:00,758.0,758.0,757.94,757.99,0,after-market,False
2026-08-03T21:50:00+00:00,757.99,757.99,757.9462,757.99,0,after-market,False
2026-08-03T21:51:00+00:00,757.97,757.99,757.81,757.9619,0,after-market,False
2026-08-03T21:52:00+00:00,757.94,758.0,757.7562,757.89,0,after-market,False
2026-08-03T21:53:00+00:00,757.945,758.0,757.945,757.9552,0,after-market,False
2026-08-03T21:54:00+00:00,757.9987,757.9999,757.885,757.94,0,after-market,False
2026-08-03T21:55:00+00:00,757.81,757.95,757.8,757.9465,0,after-market,False
2026-08-03T21:56:00+00:00,757.95,757.95,757.8135,757.8247,0,after-market,False
2026-08-03T21:57:00+00:00,757.8414,757.95,757.8414,757.95,0,after-market,False
2026-08-03T21:58:00+00:00,757.95,757.95,757.8714,757.9406,0,after-market,False
2026-08-03T21:59:00+00:00,757.9406,757.95,757.9,757.95,0,after-market,False
2026-08-03T22:00:00+00:00,757.92,758.16,757.8,758.12,0,after-market,False
2026-08-03T22:01:00+00:00,758.11,758.145,757.95,758.0372,0,after-market,False
2026-08-03T22:02:00+00:00,758.0905,758.15,758.0,758.0277,0,after-market,False
2026-08-03T22:03:00+00:00,758.05,758.05,757.86,757.9448,0,after-market,False
2026-08-03T22:04:00+00:00,757.8863,758.0568,757.8863,758.02,0,after-market,False
2026-08-03T22:05:00+00:00,758.03,758.16,758.03,758.05,0,after-market,False
2026-08-03T22:06:00+00:00,758.1394,758.1394,758.03,758.03,0,after-market,False
2026-08-03T22:07:00+00:00,758.04,758.24,758.0306,758.24,0,after-market,False
2026-08-03T22:08:00+00:00,758.24,758.29,758.1747,758.266,0,after-market,False
2026-08-03T22:09:00+00:00,758.2646,758.3348,758.2603,758.3138,0,after-market,False
2026-08-03T22:10:00+00:00,758.3153,758.33,758.2715,758.33,0,after-market,False
2026-08-03T22:11:00+00:00,758.33,758.4,758.31,758.3115,0,after-market,False
2026-08-03T22:12:00+00:00,758.31,758.34,758.26,758.3353,0,after-market,False
2026-08-03T22:13:00+00:00,758.3192,758.34,758.139,758.1392,0,after-market,False
2026-08-03T22:14:00+00:00,758.1387,758.1392,758.0,758.0173,0,after-market,False
2026-08-03T22:15:00+00:00,758.1371,758.32,758.13,758.29,0,after-market,False
2026-08-03T22:16:00+00:00,758.32,758.33,758.24,758.2927,0,after-market,False
2026-08-03T22:17:00+00:00,758.2857,758.2857,758.18,758.23,0,after-market,False
2026-08-03T22:18:00+00:00,758.2085,758.2585,758.18,758.2338,0,after-market,False
2026-08-03T22:19:00+00:00,758.18,758.2627,758.16,758.2374,0,after-market,False
2026-08-03T22:20:00+00:00,758.2147,758.31,758.15,758.182,0,after-market,False
2026-08-03T22:21:00+00:00,758.1973,758.24,758.1874,758.2038,0,after-market,False
2026-08-03T22:22:00+00:00,758.1562,758.2527,758.1557,758.1884,0,after-market,False
2026-08-03T22:23:00+00:00,758.181,758.2487,758.181,758.2232,0,after-market,False
2026-08-03T22:24:00+00:00,758.24,758.24,758.16,758.2399,0,after-market,False
2026-08-03T22:25:00+00:00,758.2378,758.24,758.23,758.24,0,after-market,False
2026-08-03T22:26:00+00:00,758.2323,758.2323,758.16,758.1773,0,after-market,False
2026-08-03T22:27:00+00:00,758.2317,758.24,758.1952,758.2399,0,after-market,False
2026-08-03T22:28:00+00:00,758.2,758.24,758.2,758.2354,0,after-market,False
2026-08-03T22:29:00+00:00,758.2374,758.2374,758.1981,758.2327,0,after-market,False
2026-08-03T22:30:00+00:00,758.1952,758.24,758.1617,758.1926,0,after-market,False
2026-08-03T22:31:00+00:00,758.15,758.2336,758.15,758.2336,0,after-market,False
2026-08-03T22:32:00+00:00,758.1997,758.2387,758.14,758.19,0,after-market,False
2026-08-03T22:33:00+00:00,758.1938,758.21,758.15,758.2035,0,after-market,False
2026-08-03T22:34:00+00:00,758.19,758.39,758.19,758.33,0,after-market,False
2026-08-03T22:35:00+00:00,758.3,758.3,758.2,758.25,0,after-market,False
2026-08-03T22:36:00+00:00,758.2389,758.49,758.2389,758.2886,0,after-market,False
2026-08-03T22:37:00+00:00,758.33,758.35,758.26,758.26,0,after-market,False
2026-08-03T22:38:00+00:00,758.3301,758.4,758.29,758.3999,0,after-market,False
2026-08-03T22:39:00+00:00,758.3903,758.42,758.3401,758.3435,0,after-market,False
2026-08-03T22:40:00+00:00,758.3552,758.47,758.3552,758.44,0,after-market,False
2026-08-03T22:41:00+00:00,758.45,758.47,758.41,758.4465,0,after-market,False
2026-08-03T22:42:00+00:00,758.44,758.44,758.4132,758.4162,0,after-market,False
2026-08-03T22:43:00+00:00,758.45,758.45,758.4101,758.45,0,after-market,False
2026-08-03T22:44:00+00:00,758.43,758.47,758.4101,758.47,0,after-market,False
2026-08-03T22:45:00+00:00,758.44,758.4438,758.29,758.3915,0,after-market,False
2026-08-03T22:46:00+00:00,758.335,758.3787,758.31,758.35,0,after-market,False
2026-08-03T22:47:00+00:00,758.3295,758.3587,758.2595,758.3548,0,after-market,False
2026-08-03T22:48:00+00:00,758.36,758.3968,758.36,758.3643,0,after-market,False
2026-08-03T22:49:00+00:00,758.3769,758.42,758.3197,758.3458,0,after-market,False
2026-08-03T22:50:00+00:00,758.3938,758.3987,758.31,758.34,0,after-market,False
2026-08-03T22:51:00+00:00,758.36,758.37,758.3503,758.36,0,after-market,False
2026-08-03T22:52:00+00:00,758.37,758.38,758.3352,758.3433,0,after-market,False
2026-08-03T22:53:00+00:00,758.37,758.41,758.36,758.36,0,after-market,False
2026-08-03T22:54:00+00:00,758.355,758.3965,758.32,758.3965,0,after-market,False
2026-08-03T22:55:00+00:00,758.3635,758.4,758.3632,758.3965,0,after-market,False
2026-08-03T22:56:00+00:00,758.3957,758.4,758.36,758.3626,0,after-market,False
2026-08-03T22:57:00+00:00,758.3765,758.39,758.35,758.3866,0,after-market,False
2026-08-03T22:58:00+00:00,758.37,758.37,758.33,758.3398,0,after-market,False
2026-08-03T22:59:00+00:00,758.34,758.37,758.32,758.32,0,after-market,False
2026-08-03T23:00:00+00:00,758.321,758.36,758.3,758.35,0,after-market,False
2026-08-03T23:01:00+00:00,758.34,758.37,758.2695,758.29,0,after-market,False
2026-08-03T23:02:00+00:00,758.2595,758.361,758.25,758.3578,0,after-market,False
2026-08-03T23:03:00+00:00,758.3588,758.36,758.3524,758.36,0,after-market,False
2026-08-03T23:04:00+00:00,758.3895,758.3895,758.3,758.3297,0,after-market,False
2026-08-03T23:05:00+00:00,758.3298,758.3538,758.2963,758.2963,0,after-market,False
2026-08-03T23:06:00+00:00,758.2963,758.3,758.2187,758.2187,0,after-market,False
2026-08-03T23:07:00+00:00,758.2092,758.24,758.18,758.2169,0,after-market,False
2026-08-03T23:08:00+00:00,758.17,758.22,758.17,758.1806,0,after-market,False
2026-08-03T23:09:00+00:00,758.181,758.22,758.17,758.2065,0,after-market,False
2026-08-03T23:10:00+00:00,758.171,758.24,758.171,758.23,0,after-market,False
2026-08-03T23:11:00+00:00,758.23,758.25,758.2,758.2043,0,after-market,False
2026-08-03T23:12:00+00:00,758.22,758.2365,758.19,758.2349,0,after-market,False
2026-08-03T23:13:00+00:00,758.24,758.24,758.1901,758.2365,0,after-market,False
2026-08-03T23:14:00+00:00,758.2365,758.29,758.2103,758.29,0,after-market,False
2026-08-03T23:15:00+00:00,758.2224,758.2902,758.2213,758.2902,0,after-market,False
2026-08-03T23:16:00+00:00,758.2722,758.39,758.2722,758.36,0,after-market,False
2026-08-03T23:17:00+00:00,758.37,758.39,758.325,758.3838,0,after-market,False
2026-08-03T23:18:00+00:00,758.38,758.39,758.335,758.39,0,after-market,False
2026-08-03T23:19:00+00:00,758.3838,758.45,758.321,758.39,0,after-market,False
2026-08-03T23:20:00+00:00,758.4048,758.4048,758.4,758.4,0,after-market,False
2026-08-03T23:21:00+00:00,758.4329,758.444,758.4062,758.4338,0,after-market,False
2026-08-03T23:22:00+00:00,758.4,758.44,758.3888,758.3888,0,after-market,False
2026-08-03T23:23:00+00:00,758.4,758.4292,758.33,758.3803,0,after-market,False
2026-08-03T23:24:00+00:00,758.3885,758.39,758.309,758.309,0,after-market,False
2026-08-03T23:25:00+00:00,758.3,758.3315,758.2711,758.2976,0,after-market,False
2026-08-03T23:26:00+00:00,758.295,758.3393,758.24,758.3078,0,after-market,False
2026-08-03T23:27:00+00:00,758.3,758.3487,758.2917,758.3265,0,after-market,False
2026-08-03T23:28:00+00:00,758.33,758.3513,758.2708,758.2708,0,after-market,False
2026-08-03T23:29:00+00:00,758.3,758.3,758.26,758.28,0,after-market,False
2026-08-03T23:30:00+00:00,758.29,758.31,758.2307,758.2397,0,after-market,False
2026-08-03T23:31:00+00:00,758.24,758.29,758.2,758.29,0,after-market,False
2026-08-03T23:32:00+00:00,758.28,758.3702,758.2295,758.37,0,after-market,False
2026-08-03T23:33:00+00:00,758.3087,758.35,758.25,758.33,0,after-market,False
2026-08-03T23:34:00+00:00,758.3,758.44,758.3,758.42,0,after-market,False
2026-08-03T23:35:00+00:00,758.409,758.409,758.35,758.38,0,after-market,False
2026-08-03T23:36:00+00:00,758.3492,758.37,758.34,758.3544,0,after-market,False
2026-08-03T23:37:00+00:00,758.3597,758.3597,758.29,758.3,0,after-market,False
2026-08-03T23:38:00+00:00,758.2992,758.3,758.12,758.13,0,after-market,False
2026-08-03T23:39:00+00:00,758.1297,758.1785,758.12,758.1299,0,after-market,False
2026-08-03T23:40:00+00:00,758.125,758.15,758.07,758.13,0,after-market,False
2026-08-03T23:41:00+00:00,758.16,758.16,758.13,758.1597,0,after-market,False
2026-08-03T23:42:00+00:00,758.135,758.16,758.1195,758.1195,0,after-market,False
2026-08-03T23:43:00+00:00,758.1097,758.14,758.1097,758.1395,0,after-market,False
2026-08-03T23:44:00+00:00,758.13,758.1395,758.1,758.1,0,after-market,False
2026-08-03T23:45:00+00:00,758.11,758.251,758.11,758.251,0,after-market,False
2026-08-03T23:46:00+00:00,758.24,758.2883,758.1992,758.2883,0,after-market,False
2026-08-03T23:47:00+00:00,758.3,758.38,758.2817,758.35,0,after-market,False
2026-08-03T23:48:00+00:00,758.3685,758.3685,758.2774,758.28,0,after-market,False
2026-08-03T23:49:00+00:00,758.29,758.3,758.244,758.28,0,after-market,False
2026-08-03T23:50:00+00:00,758.28,758.38,758.27,758.3216,0,after-market,False
2026-08-03T23:51:00+00:00,758.3297,758.3341,758.215,758.3,0,after-market,False
2026-08-03T23:52:00+00:00,758.3,758.33,758.21,758.2229,0,after-market,False
2026-08-03T23:53:00+00:00,758.25,758.25,758.14,758.2277,0,after-market,False
2026-08-03T23:54:00+00:00,758.189,758.21,758.15,758.15,0,after-market,False
2026-08-03T23:55:00+00:00,758.16,758.185,758.16,758.18,0,after-market,False
2026-08-03T23:56:00+00:00,758.1969,758.32,758.1969,758.32,0,after-market,False
2026-08-03T23:57:00+00:00,758.31,758.31,758.2324,758.3087,0,after-market,False
2026-08-03T23:58:00+00:00,758.26,758.28,758.23,758.28,0,after-market,False
2026-08-03T23:59:00+00:00,758.28,758.39,758.24,758.3615,0,after-market,False
